material_id,batch_id,estimated_weight_kg,species,material_form,former_use,known_treatment_status,surface_condition,record_completeness,requires_inspection,special_handling_flag,initial_recovery_grade,recovery_grade,current_route,resolution_status,output_date
M00001,B001,600.0,Messmate,Cladding,Cladding panel,Known Treatment Recorded,Fair,Critical Information Missing,No,No,Character,Premium,Higher-value Recovery,Output,2025-01-25T19:35:00
M00002,B001,189.5,Unknown / Mixed,Board,Fence palings,No Treatment Recorded,Fair,Complete,Yes,No,Feedstock,Feedstock,Board Feedstock,Output,2025-01-25T19:35:00
M00003,B001,220.5,Ironbark,Post,Fence post,Known Treatment Recorded,Good,Critical Information Missing,Yes,No,Premium,Premium,Higher-value Recovery,Output,2025-01-25T19:35:00
M00004,B001,1618.8,Mountain Ash,Structural Member,Truss member,Adhesive / Composite Concern,Fair,Partial,No,Yes,Rustic,Feedstock,Special Handling,Output,2025-01-25T19:35:00
M00005,B001,3330.6,Cypress Pine,Board,Dunnage,Known Treatment Recorded,Fair,Complete,No,No,Rustic,Rustic,Board Feedstock,Output,2025-01-25T19:35:00
M00006,B001,402.4,Radiata Pine,Mixed Salvage,Mixed salvage lot,Unknown,Fair,Critical Information Missing,No,No,Character,Character,Higher-value Recovery,Output,2025-01-25T19:35:00
M00007,B001,916.1,Cypress Pine,Flooring,Decking board,No Treatment Recorded,Fair,Complete,No,No,Character,Premium,Higher-value Recovery,Output,2025-01-25T19:35:00
M00008,B001,375.0,Unknown / Mixed,Beam,Roof beam,Adhesive / Composite Concern,Fair,Complete,No,Yes,Feedstock,Feedstock,Special Handling,Output,2025-01-25T19:35:00
M00009,B001,367.4,Oregon,Structural Member,Truss member,No Treatment Recorded,Poor,Partial,No,No,Character,Character,Higher-value Recovery,Output,2025-01-25T19:35:00
M00010,B001,2318.0,Cypress Pine,Mixed Salvage,Mixed salvage lot,No Treatment Recorded,Fair,Complete,No,No,Rustic,Character,Higher-value Recovery,Output,2025-01-25T19:35:00
M00011,B001,1331.9,Radiata Pine,Board,Formwork board,Known Treatment Recorded,Good,Partial,Yes,No,Feedstock,Feedstock,Board Feedstock,Output,2025-01-25T19:35:00
M00012,B001,235.0,Mountain Ash,Beam,Roof beam,Known Treatment Recorded,Poor,Complete,Yes,No,Feedstock,Feedstock,Board Feedstock,Output,2025-01-25T19:35:00
M00013,B001,246.3,Messmate,Mixed Salvage,Mixed salvage lot,Conflicting Record,Fair,Complete,No,No,Rustic,Rustic,Board Feedstock,Output,2025-01-25T19:35:00
M00014,B001,203.7,Sydney Blue Gum,Beam,Floor joist,Known Treatment Recorded,Poor,Partial,No,No,Rustic,Rustic,Board Feedstock,Output,2025-01-25T19:35:00
M00015,B001,141.0,Sydney Blue Gum,Board,Formwork board,Adhesive / Composite Concern,Good,Partial,No,No,Feedstock,Feedstock,Board Feedstock,Output,2025-01-25T19:35:00
M00016,B001,181.3,Messmate,Mixed Salvage,Assorted recovered timber,No Treatment Recorded,Poor,Partial,No,No,Feedstock,Feedstock,Board Feedstock,Output,2025-01-25T19:35:00
M00017,B001,419.2,Unknown / Mixed,Other,Joinery offcut,Known Treatment Recorded,Good,Complete,No,No,Character,Character,Higher-value Recovery,Output,2025-01-25T19:35:00
M00018,B001,685.8,Spotted Gum,Board,Formwork board,Unknown,Poor,Critical Information Missing,No,No,Feedstock,Feedstock,Board Feedstock,Output,2025-01-25T19:35:00
M00019,B001,1113.0,Sydney Blue Gum,Flooring,Decking board,Conflicting Record,Good,Critical Information Missing,Yes,No,Feedstock,Feedstock,Board Feedstock,Output,2025-01-25T19:35:00
M00020,B001,2151.9,Mountain Ash,Beam,Portal frame member,Conflicting Record,Good,Complete,No,No,Rustic,Rustic,Board Feedstock,Output,2025-01-25T19:35:00
M00021,B001,1733.7,Unknown / Mixed,Board,Fence palings,Adhesive / Composite Concern,Good,Complete,No,No,Rustic,Rustic,Board Feedstock,Output,2025-01-25T19:35:00
M00022,B001,335.8,Unknown / Mixed,Structural Member,Roof rafter,No Treatment Recorded,Good,Critical Information Missing,No,No,Feedstock,Feedstock,Board Feedstock,Output,2025-01-25T19:35:00
M00023,B001,217.0,Ironbark,Structural Member,Purlin,Surface Coating Recorded,Severely Degraded,Critical Information Missing,Yes,No,Feedstock,Feedstock,Residual / Disposal,Output,2025-01-25T19:35:00
M00024,B001,265.3,Radiata Pine,Cladding,Cladding panel,Adhesive / Composite Concern,Good,Complete,No,No,Rustic,Rustic,Board Feedstock,Output,2025-01-25T19:35:00
M00025,B001,1899.1,Unknown / Mixed,Structural Member,Truss member,Surface Coating Recorded,Severely Degraded,Complete,No,No,Rustic,Feedstock,Residual / Disposal,Output,2025-01-25T19:35:00
M00026,B001,1063.4,Oregon,Mixed Salvage,Mixed salvage lot,Unknown,Good,Complete,No,No,Rustic,Rustic,Board Feedstock,Output,2025-01-25T19:35:00
M00027,B001,2020.2,Cypress Pine,Cladding,Weatherboard,No Treatment Recorded,Fair,Partial,Yes,No,Feedstock,Feedstock,Board Feedstock,Output,2025-01-25T19:35:00
M00028,B001,3857.1,Unknown / Mixed,Beam,Roof beam,Conflicting Record,Good,Complete,No,No,Premium,Premium,Higher-value Recovery,Output,2025-01-25T19:35:00
M00029,B001,456.0,Unknown / Mixed,Beam,Portal frame member,No Treatment Recorded,Good,Complete,No,No,Character,Character,Higher-value Recovery,Output,2025-01-25T19:35:00
M00030,B001,2356.5,Sydney Blue Gum,Board,Dunnage,Known Treatment Recorded,Poor,Complete,No,No,Rustic,Rustic,Board Feedstock,Output,2025-01-25T19:35:00
M00031,B001,833.1,Oregon,Board,Fence palings,Known Treatment Recorded,Fair,Partial,No,No,Rustic,Rustic,Board Feedstock,Output,2025-01-25T19:35:00
M00032,B001,467.9,Ironbark,Flooring,Flooring strip,Known Treatment Recorded,Fair,Partial,Yes,No,Character,Character,Higher-value Recovery,Output,2025-01-25T19:35:00
M00033,B001,1221.1,Oregon,Beam,Racking beam,No Treatment Recorded,Poor,Complete,No,No,Character,Character,Higher-value Recovery,Output,2025-01-25T19:35:00
M00034,B001,278.4,Oregon,Beam,Floor joist,Unknown,Poor,Partial,No,No,Rustic,Rustic,Board Feedstock,Output,2025-01-25T19:35:00
M00035,B001,614.8,Ironbark,Flooring,Floor board,No Treatment Recorded,Poor,Complete,Yes,No,Rustic,Rustic,Board Feedstock,Output,2025-01-25T19:35:00
M00036,B001,158.8,Mixed Hardwood,Beam,Floor joist,Surface Coating Recorded,Fair,Partial,Yes,No,Character,Premium,Higher-value Recovery,Output,2025-01-25T19:35:00
M00037,B001,174.4,Oregon,Flooring,Flooring strip,Known Treatment Recorded,Fair,Partial,No,No,Feedstock,Feedstock,Board Feedstock,Output,2025-01-25T19:35:00
M00038,B002,2860.2,Oregon,Post,Fence post,No Treatment Recorded,Fair,Complete,No,No,Feedstock,Feedstock,Board Feedstock,Output,2025-02-08T22:39:00
M00039,B002,2118.3,Mountain Ash,Post,Fence post,Surface Coating Recorded,Fair,Complete,No,Yes,Rustic,Feedstock,Special Handling,Output,2025-02-08T22:39:00
M00040,B002,1768.9,Blackbutt,Other,Miscellaneous timber,Known Treatment Recorded,Good,Critical Information Missing,No,No,Rustic,Rustic,Board Feedstock,Output,2025-02-08T22:39:00
M00041,B002,1398.6,Oregon,Structural Member,Truss member,No Treatment Recorded,Fair,Complete,No,Yes,Feedstock,Feedstock,Special Handling,Output,2025-02-08T22:39:00
M00042,B002,105.4,Unknown / Mixed,Beam,Racking beam,No Treatment Recorded,Severely Degraded,Complete,No,No,Character,Character,Higher-value Recovery,Output,2025-02-08T22:39:00
M00043,B002,264.5,Unknown / Mixed,Beam,Racking beam,Known Treatment Recorded,Poor,Complete,No,No,Feedstock,Feedstock,Board Feedstock,Output,2025-02-08T22:39:00
M00044,B002,1334.5,Mountain Ash,Structural Member,Wall stud,Known Treatment Recorded,Good,Complete,No,No,Character,Character,Higher-value Recovery,Output,2025-02-08T22:39:00
M00045,B002,147.3,Oregon,Structural Member,Wall stud,Known Treatment Recorded,Good,Complete,No,No,Character,Character,Higher-value Recovery,Output,2025-02-08T22:39:00
M00046,B002,673.2,Messmate,Flooring,Flooring strip,Known Treatment Recorded,Fair,Complete,No,No,Rustic,Rustic,Board Feedstock,Output,2025-02-08T22:39:00
M00047,B002,675.7,Oregon,Structural Member,Truss member,Known Treatment Recorded,Poor,Complete,No,No,Premium,Premium,Higher-value Recovery,Output,2025-02-08T22:39:00
M00048,B002,197.6,Spotted Gum,Flooring,Floor board,Known Treatment Recorded,Poor,Complete,No,No,Feedstock,Feedstock,Board Feedstock,Output,2025-02-08T22:39:00
M00049,B002,1171.5,Mixed Hardwood,Board,Sawn board,No Treatment Recorded,Good,Complete,No,No,Feedstock,Feedstock,Board Feedstock,Output,2025-02-08T22:39:00
M00050,B002,313.9,Radiata Pine,Post,Fence post,No Treatment Recorded,Poor,Complete,Yes,No,Rustic,Premium,Higher-value Recovery,Output,2025-02-08T22:39:00
M00051,B002,2437.2,Radiata Pine,Board,Dunnage,No Treatment Recorded,Fair,Critical Information Missing,No,No,Feedstock,Feedstock,Board Feedstock,Output,2025-02-08T22:39:00
M00052,B002,1206.5,Unknown / Mixed,Flooring,Floor board,No Treatment Recorded,Good,Complete,No,No,Feedstock,Feedstock,Board Feedstock,Output,2025-02-08T22:39:00
M00053,B002,132.4,Mixed Hardwood,Flooring,Floor board,Adhesive / Composite Concern,Good,Complete,No,No,Premium,Premium,Higher-value Recovery,Output,2025-02-08T22:39:00
M00054,B002,2685.6,Spotted Gum,Board,Sawn board,No Treatment Recorded,Fair,Complete,No,No,Premium,Premium,Higher-value Recovery,Output,2025-02-08T22:39:00
M00055,B002,1225.2,Mountain Ash,Other,Miscellaneous timber,Surface Coating Recorded,Good,Complete,No,No,Character,Character,Higher-value Recovery,Output,2025-02-08T22:39:00
M00056,B002,1198.9,Mountain Ash,Board,Sawn board,No Treatment Recorded,Good,Partial,No,No,Character,Character,Higher-value Recovery,Output,2025-02-08T22:39:00
M00057,B002,168.3,Radiata Pine,Mixed Salvage,Assorted recovered timber,No Treatment Recorded,Good,Complete,No,No,Feedstock,Feedstock,Board Feedstock,Output,2025-02-08T22:39:00
M00058,B002,804.6,Cypress Pine,Board,Dunnage,No Treatment Recorded,Fair,Complete,No,No,Feedstock,Rustic,Board Feedstock,Output,2025-02-08T22:39:00
M00059,B002,530.8,Sydney Blue Gum,Post,Verandah post,No Treatment Recorded,Fair,Complete,No,No,Rustic,Rustic,Board Feedstock,Output,2025-02-08T22:39:00
M00060,B002,188.7,Mountain Ash,Flooring,Decking board,Known Treatment Recorded,Good,Complete,No,No,Premium,Premium,Higher-value Recovery,Output,2025-02-08T22:39:00
M00061,B002,206.6,Sydney Blue Gum,Beam,Racking beam,Adhesive / Composite Concern,Fair,Complete,No,No,Rustic,Rustic,Board Feedstock,Output,2025-02-08T22:39:00
M00062,B002,622.3,Ironbark,Flooring,Flooring strip,Surface Coating Recorded,Good,Complete,No,No,Feedstock,Feedstock,Board Feedstock,Output,2025-02-08T22:39:00
M00063,B002,108.4,Blackbutt,Beam,Racking beam,No Treatment Recorded,Good,Complete,Yes,No,Character,Character,Higher-value Recovery,Output,2025-02-08T22:39:00
M00064,B002,1332.6,Unknown / Mixed,Structural Member,Wall stud,Surface Coating Recorded,Good,Complete,No,No,Character,Character,Higher-value Recovery,Output,2025-02-08T22:39:00
M00065,B002,74.8,Radiata Pine,Structural Member,Truss member,No Treatment Recorded,Good,Complete,No,No,Feedstock,Feedstock,Board Feedstock,Output,2025-02-08T22:39:00
M00066,B002,1053.6,Messmate,Structural Member,Roof rafter,Surface Coating Recorded,Good,Partial,Yes,No,Rustic,Character,Higher-value Recovery,Output,2025-02-08T22:39:00
M00067,B002,94.1,Ironbark,Beam,Roof beam,No Treatment Recorded,Good,Partial,No,No,Rustic,Rustic,Board Feedstock,Output,2025-02-08T22:39:00
M00068,B002,1311.6,Mountain Ash,Board,Sawn board,Surface Coating Recorded,Good,Complete,No,No,Feedstock,Feedstock,Board Feedstock,Output,2025-02-08T22:39:00
M00069,B002,79.5,Sydney Blue Gum,Board,Dunnage,No Treatment Recorded,Good,Complete,No,No,Premium,Premium,Higher-value Recovery,Output,2025-02-08T22:39:00
M00070,B002,1308.1,Blackbutt,Beam,Floor joist,No Treatment Recorded,Good,Complete,Yes,No,Rustic,Rustic,Board Feedstock,Output,2025-02-08T22:39:00
M00071,B002,154.7,Cypress Pine,Cladding,Fascia board,Unknown,Good,Complete,No,No,Character,Character,Higher-value Recovery,Output,2025-02-08T22:39:00
M00072,B002,225.4,Mountain Ash,Beam,Portal frame member,Surface Coating Recorded,Fair,Complete,Yes,No,Character,Character,Higher-value Recovery,Output,2025-02-08T22:39:00
M00073,B002,474.4,Messmate,Cladding,Cladding panel,Known Treatment Recorded,Good,Complete,No,No,Rustic,Rustic,Board Feedstock,Output,2025-02-08T22:39:00
M00074,B002,2474.0,Unknown / Mixed,Post,Verandah post,No Treatment Recorded,Good,Complete,No,No,Rustic,Rustic,Board Feedstock,Output,2025-02-08T22:39:00
M00075,B002,254.6,Unknown / Mixed,Board,Dunnage,Known Treatment Recorded,Severely Degraded,Complete,Yes,No,Feedstock,Feedstock,Residual / Disposal,Output,2025-02-08T22:39:00
M00076,B002,1727.8,Mixed Hardwood,Board,Dunnage,Conflicting Record,Good,Complete,Yes,No,Feedstock,Feedstock,Board Feedstock,Output,2025-02-08T22:39:00
M00077,B002,2618.9,Mixed Hardwood,Flooring,Flooring strip,No Treatment Recorded,Good,Complete,No,No,Character,Character,Higher-value Recovery,Output,2025-02-08T22:39:00
M00078,B002,1705.8,Messmate,Post,Verandah post,No Treatment Recorded,Good,Complete,No,No,Character,Character,Higher-value Recovery,Output,2025-02-08T22:39:00
M00079,B002,138.8,Ironbark,Other,Joinery offcut,Known Treatment Recorded,Fair,Complete,No,No,Rustic,Rustic,Board Feedstock,Output,2025-02-08T22:39:00
M00080,B002,1455.3,Mixed Hardwood,Beam,Floor joist,No Treatment Recorded,Good,Complete,No,No,Feedstock,Feedstock,Board Feedstock,Output,2025-02-08T22:39:00
M00081,B002,169.2,Blackbutt,Beam,Floor joist,No Treatment Recorded,Poor,Complete,No,No,Premium,Premium,Higher-value Recovery,Output,2025-02-08T22:39:00
M00082,B002,1307.3,Radiata Pine,Board,Formwork board,No Treatment Recorded,Poor,Complete,No,No,Feedstock,Feedstock,Board Feedstock,Output,2025-02-08T22:39:00
M00083,B002,982.2,Unknown / Mixed,Beam,Roof beam,Known Treatment Recorded,Good,Complete,No,No,Character,Character,Higher-value Recovery,Output,2025-02-08T22:39:00
M00084,B002,2564.8,Sydney Blue Gum,Board,Formwork board,No Treatment Recorded,Poor,Complete,Yes,No,Rustic,Rustic,Board Feedstock,Output,2025-02-08T22:39:00
M00085,B002,628.0,Messmate,Structural Member,Purlin,Surface Coating Recorded,Poor,Complete,No,No,Feedstock,Feedstock,Board Feedstock,Output,2025-02-08T22:39:00
M00086,B002,547.1,Sydney Blue Gum,Flooring,Decking board,Known Treatment Recorded,Fair,Complete,No,No,Feedstock,Feedstock,Board Feedstock,Output,2025-02-08T22:39:00
M00087,B002,1197.8,Messmate,Structural Member,Truss member,Conflicting Record,Fair,Complete,No,No,Premium,Premium,Higher-value Recovery,Output,2025-02-08T22:39:00
M00088,B002,1274.5,Messmate,Cladding,Cladding panel,No Treatment Recorded,Poor,Complete,No,No,Character,Character,Higher-value Recovery,Output,2025-02-08T22:39:00
M00089,B003,136.1,Ironbark,Cladding,Cladding panel,Unknown,Fair,Partial,Yes,No,Premium,Premium,Higher-value Recovery,Output,2025-02-05T19:44:00
M00090,B003,217.1,Unknown / Mixed,Board,Sawn board,No Treatment Recorded,Good,Partial,Yes,No,Feedstock,Feedstock,Board Feedstock,Output,2025-02-05T19:44:00
M00091,B003,3559.7,Ironbark,Board,Dunnage,No Treatment Recorded,Poor,Complete,No,No,Feedstock,Feedstock,Board Feedstock,Output,2025-02-05T19:44:00
M00092,B003,2354.5,Radiata Pine,Structural Member,Roof rafter,Surface Coating Recorded,Fair,Partial,No,No,Feedstock,Feedstock,Board Feedstock,Output,2025-02-05T19:44:00
M00093,B003,235.9,Ironbark,Cladding,Fascia board,No Treatment Recorded,Good,Critical Information Missing,No,No,Feedstock,Feedstock,Board Feedstock,Output,2025-02-05T19:44:00
M00094,B003,375.3,Cypress Pine,Board,Sawn board,Adhesive / Composite Concern,Fair,Partial,No,No,Rustic,Character,Higher-value Recovery,Output,2025-02-05T19:44:00
M00095,B003,1043.1,Messmate,Board,Dunnage,No Treatment Recorded,Fair,Complete,No,No,Premium,Premium,Higher-value Recovery,Output,2025-02-05T19:44:00
M00096,B003,256.1,Blackbutt,Structural Member,Purlin,No Treatment Recorded,Fair,Critical Information Missing,No,No,Feedstock,Feedstock,Board Feedstock,Output,2025-02-05T19:44:00
M00097,B003,310.7,Radiata Pine,Post,Verandah post,No Treatment Recorded,Poor,Critical Information Missing,No,No,Feedstock,Rustic,Board Feedstock,Output,2025-02-05T19:44:00
M00098,B003,3720.4,Messmate,Cladding,Weatherboard,Unknown,Poor,Partial,No,No,Rustic,Character,Higher-value Recovery,Output,2025-02-05T19:44:00
M00099,B003,2303.7,Oregon,Structural Member,Wall stud,Unknown,Fair,Partial,No,No,Feedstock,Feedstock,Board Feedstock,Output,2025-02-05T19:44:00
M00100,B003,475.3,Ironbark,Cladding,Fascia board,Unknown,Good,Partial,No,No,Feedstock,Rustic,Board Feedstock,Output,2025-02-05T19:44:00
M00101,B003,126.6,Oregon,Board,Sawn board,Unknown,Poor,Partial,Yes,No,Character,Character,Higher-value Recovery,Output,2025-02-05T19:44:00
M00102,B003,1986.7,Unknown / Mixed,Board,Dunnage,Conflicting Record,Fair,Partial,No,No,Feedstock,Feedstock,Board Feedstock,Output,2025-02-05T19:44:00
M00103,B003,1281.3,Mountain Ash,Board,Sawn board,No Treatment Recorded,Severely Degraded,Partial,No,No,Feedstock,Feedstock,Residual / Disposal,Output,2025-02-05T19:44:00
M00104,B003,2089.7,Cypress Pine,Board,Dunnage,Surface Coating Recorded,Good,Complete,No,No,Feedstock,Feedstock,Board Feedstock,Output,2025-02-05T19:44:00
M00105,B003,338.4,Cypress Pine,Post,Fence post,No Treatment Recorded,Good,Partial,No,No,Feedstock,Feedstock,Board Feedstock,Output,2025-02-05T19:44:00
M00106,B003,241.3,Unknown / Mixed,Mixed Salvage,Assorted recovered timber,No Treatment Recorded,Poor,Partial,Yes,No,Feedstock,Rustic,Board Feedstock,Output,2025-02-05T19:44:00
M00107,B003,315.1,Cypress Pine,Structural Member,Wall stud,No Treatment Recorded,Fair,Partial,No,No,Feedstock,Feedstock,Board Feedstock,Output,2025-02-05T19:44:00
M00108,B003,473.3,Radiata Pine,Flooring,Decking board,No Treatment Recorded,Fair,Partial,No,No,Feedstock,Feedstock,Board Feedstock,Output,2025-02-05T19:44:00
M00109,B003,473.9,Unknown / Mixed,Beam,Portal frame member,Unknown,Fair,Complete,No,No,Feedstock,Feedstock,Board Feedstock,Output,2025-02-05T19:44:00
M00110,B003,1385.8,Messmate,Board,Fence palings,No Treatment Recorded,Good,Partial,No,No,Character,Character,Higher-value Recovery,Output,2025-02-05T19:44:00
M00111,B004,1469.5,Oregon,Cladding,Fascia board,Unknown,Fair,Complete,No,No,Rustic,Rustic,Board Feedstock,Output,2025-02-26T04:07:00
M00112,B004,199.5,Unknown / Mixed,Structural Member,Roof rafter,Unknown,Good,Complete,No,No,Character,Character,Higher-value Recovery,Output,2025-02-26T04:07:00
M00113,B004,2386.6,Radiata Pine,Beam,Floor joist,Surface Coating Recorded,Fair,Complete,No,No,Feedstock,Feedstock,Board Feedstock,Output,2025-02-26T04:07:00
M00114,B004,219.6,Unknown / Mixed,Structural Member,Wall stud,Known Treatment Recorded,Fair,Complete,No,No,Rustic,Rustic,Board Feedstock,Output,2025-02-26T04:07:00
M00115,B004,1550.6,Cypress Pine,Post,Fence post,Known Treatment Recorded,Severely Degraded,Complete,No,No,Premium,Premium,Higher-value Recovery,Output,2025-02-26T04:07:00
M00116,B004,1426.9,Unknown / Mixed,Beam,Portal frame member,Conflicting Record,Good,Complete,Yes,No,Rustic,Rustic,Board Feedstock,Output,2025-02-26T04:07:00
M00117,B004,989.9,Radiata Pine,Board,Sawn board,Conflicting Record,Fair,Critical Information Missing,Yes,No,Rustic,Rustic,Board Feedstock,Output,2025-02-26T04:07:00
M00118,B004,1705.7,Blackbutt,Post,Fence post,No Treatment Recorded,Fair,Complete,Yes,No,Rustic,Rustic,Board Feedstock,Output,2025-02-26T04:07:00
M00119,B004,122.4,Radiata Pine,Mixed Salvage,Assorted recovered timber,Unknown,Poor,Complete,Yes,No,Feedstock,Feedstock,Board Feedstock,Output,2025-02-26T04:07:00
M00120,B004,1732.6,Mixed Hardwood,Post,Verandah post,Known Treatment Recorded,Fair,Complete,No,No,Premium,Premium,Higher-value Recovery,Output,2025-02-26T04:07:00
M00121,B004,215.1,Cypress Pine,Beam,Floor joist,Conflicting Record,Fair,Complete,Yes,No,Feedstock,Feedstock,Board Feedstock,Output,2025-02-26T04:07:00
M00122,B004,751.2,Cypress Pine,Flooring,Flooring strip,Known Treatment Recorded,Poor,Complete,No,No,Rustic,Rustic,Board Feedstock,Output,2025-02-26T04:07:00
M00123,B004,280.8,Spotted Gum,Board,Dunnage,Known Treatment Recorded,Poor,Complete,No,Yes,Character,Feedstock,Special Handling,Output,2025-02-26T04:07:00
M00124,B004,1637.9,Mountain Ash,Beam,Portal frame member,No Treatment Recorded,Poor,Complete,No,No,Character,Character,Higher-value Recovery,Output,2025-02-26T04:07:00
M00125,B004,1898.2,Unknown / Mixed,Board,Formwork board,Surface Coating Recorded,Good,Complete,No,No,Rustic,Rustic,Board Feedstock,Output,2025-02-26T04:07:00
M00126,B004,209.0,Messmate,Mixed Salvage,Assorted recovered timber,No Treatment Recorded,Severely Degraded,Partial,No,No,Premium,Premium,Higher-value Recovery,Output,2025-02-26T04:07:00
M00127,B004,3243.8,Radiata Pine,Flooring,Floor board,No Treatment Recorded,Fair,Partial,No,No,Rustic,Rustic,Board Feedstock,Output,2025-02-26T04:07:00
M00128,B004,2468.2,Blackbutt,Structural Member,Truss member,Unknown,Fair,Complete,No,No,Feedstock,Feedstock,Board Feedstock,Output,2025-02-26T04:07:00
M00129,B004,743.7,Ironbark,Other,Shelving,Known Treatment Recorded,Fair,Complete,Yes,No,Feedstock,Rustic,Board Feedstock,Output,2025-02-26T04:07:00
M00130,B004,220.5,Spotted Gum,Beam,Floor joist,No Treatment Recorded,Fair,Complete,No,No,Feedstock,Feedstock,Board Feedstock,Output,2025-02-26T04:07:00
M00131,B004,355.0,Ironbark,Mixed Salvage,Mixed salvage lot,No Treatment Recorded,Good,Partial,No,No,Feedstock,Feedstock,Board Feedstock,Output,2025-02-26T04:07:00
M00132,B004,368.8,Unknown / Mixed,Post,Verandah post,Known Treatment Recorded,Poor,Complete,No,No,Feedstock,Feedstock,Board Feedstock,Output,2025-02-26T04:07:00
M00133,B004,254.1,Oregon,Structural Member,Purlin,Unknown,Fair,Complete,Yes,No,Feedstock,Feedstock,Board Feedstock,Output,2025-02-26T04:07:00
M00134,B004,994.5,Ironbark,Mixed Salvage,Assorted recovered timber,No Treatment Recorded,Poor,Complete,No,No,Feedstock,Feedstock,Board Feedstock,Output,2025-02-26T04:07:00
M00135,B004,2362.8,Unknown / Mixed,Board,Fence palings,Known Treatment Recorded,Fair,Complete,No,No,Feedstock,Rustic,Board Feedstock,Output,2025-02-26T04:07:00
M00136,B004,1350.7,Cypress Pine,Flooring,Flooring strip,Unknown,Poor,Critical Information Missing,No,No,Rustic,Rustic,Board Feedstock,Output,2025-02-26T04:07:00
M00137,B004,229.5,Unknown / Mixed,Beam,Floor joist,Known Treatment Recorded,Fair,Complete,No,No,Feedstock,Feedstock,Board Feedstock,Output,2025-02-26T04:07:00
M00138,B004,214.6,Ironbark,Board,Fence palings,Known Treatment Recorded,Severely Degraded,Complete,No,No,Premium,Premium,Higher-value Recovery,Output,2025-02-26T04:07:00
M00139,B004,1952.1,Spotted Gum,Beam,Portal frame member,Conflicting Record,Poor,Partial,No,No,Feedstock,Feedstock,Board Feedstock,Output,2025-02-26T04:07:00
M00140,B004,498.2,Messmate,Flooring,Decking board,Surface Coating Recorded,Good,Partial,No,No,Feedstock,Feedstock,Board Feedstock,Output,2025-02-26T04:07:00
M00141,B004,116.2,Unknown / Mixed,Structural Member,Purlin,Unknown,Good,Partial,No,No,Rustic,Character,Higher-value Recovery,Output,2025-02-26T04:07:00
M00142,B004,258.2,Ironbark,Other,Shelving,Known Treatment Recorded,Fair,Complete,No,No,Character,Character,Higher-value Recovery,Output,2025-02-26T04:07:00
M00143,B004,78.5,Ironbark,Post,Structural post,Surface Coating Recorded,Poor,Partial,No,No,Feedstock,Feedstock,Board Feedstock,Output,2025-02-26T04:07:00
M00144,B004,1235.0,Mixed Hardwood,Beam,Racking beam,Unknown,Poor,Complete,Yes,No,Feedstock,Feedstock,Board Feedstock,Output,2025-02-26T04:07:00
M00145,B004,122.0,Cypress Pine,Beam,Roof beam,Known Treatment Recorded,Good,Complete,No,No,Feedstock,Feedstock,Board Feedstock,Output,2025-02-26T04:07:00
M00146,B004,2922.3,Sydney Blue Gum,Flooring,Floor board,Known Treatment Recorded,Poor,Complete,No,No,Feedstock,Feedstock,Board Feedstock,Output,2025-02-26T04:07:00
M00147,B004,249.9,Spotted Gum,Flooring,Floor board,No Treatment Recorded,Fair,Complete,No,No,Premium,Premium,Higher-value Recovery,Output,2025-02-26T04:07:00
M00148,B004,1874.8,Cypress Pine,Board,Dunnage,No Treatment Recorded,Good,Partial,No,No,Rustic,Rustic,Board Feedstock,Output,2025-02-26T04:07:00
M00149,B004,241.2,Unknown / Mixed,Structural Member,Roof rafter,Adhesive / Composite Concern,Fair,Complete,No,No,Feedstock,Feedstock,Board Feedstock,Output,2025-02-26T04:07:00
M00150,B004,1478.0,Oregon,Structural Member,Roof rafter,Adhesive / Composite Concern,Poor,Complete,No,No,Feedstock,Feedstock,Board Feedstock,Output,2025-02-26T04:07:00
M00151,B004,71.9,Ironbark,Beam,Floor joist,Unknown,Poor,Critical Information Missing,No,No,Character,Character,Higher-value Recovery,Output,2025-02-26T04:07:00
M00152,B005,315.5,Sydney Blue Gum,Mixed Salvage,Mixed salvage lot,Known Treatment Recorded,Fair,Complete,No,No,Rustic,Rustic,Board Feedstock,Output,2025-03-01T23:27:00
M00153,B005,159.3,Mixed Hardwood,Beam,Floor joist,Adhesive / Composite Concern,Good,Complete,No,No,Character,Character,Higher-value Recovery,Output,2025-03-01T23:27:00
M00154,B005,2211.2,Blackbutt,Beam,Roof beam,Surface Coating Recorded,Fair,Complete,No,No,Character,Character,Higher-value Recovery,Output,2025-03-01T23:27:00
M00155,B005,2766.3,Mountain Ash,Beam,Floor joist,Known Treatment Recorded,Good,Partial,No,No,Rustic,Rustic,Board Feedstock,Output,2025-03-01T23:27:00
M00156,B005,2106.4,Spotted Gum,Mixed Salvage,Assorted recovered timber,No Treatment Recorded,Good,Complete,No,No,Character,Character,Higher-value Recovery,Output,2025-03-01T23:27:00
M00157,B005,86.6,Ironbark,Beam,Racking beam,No Treatment Recorded,Good,Complete,No,No,Premium,Premium,Higher-value Recovery,Output,2025-03-01T23:27:00
M00158,B005,189.3,Unknown / Mixed,Beam,Roof beam,No Treatment Recorded,Fair,Complete,No,No,Premium,Premium,Higher-value Recovery,Output,2025-03-01T23:27:00
M00159,B005,158.6,Mountain Ash,Post,Structural post,No Treatment Recorded,Good,Complete,No,No,Rustic,Rustic,Board Feedstock,Output,2025-03-01T23:27:00
M00160,B005,1005.3,Mountain Ash,Beam,Racking beam,No Treatment Recorded,Good,Complete,Yes,No,Premium,Premium,Higher-value Recovery,Output,2025-03-01T23:27:00
M00161,B005,819.5,Cypress Pine,Structural Member,Roof rafter,Surface Coating Recorded,Good,Complete,No,No,Rustic,Rustic,Board Feedstock,Output,2025-03-01T23:27:00
M00162,B005,832.6,Ironbark,Board,Sawn board,No Treatment Recorded,Fair,Complete,No,No,Rustic,Rustic,Board Feedstock,Output,2025-03-01T23:27:00
M00163,B005,2207.2,Spotted Gum,Cladding,Cladding panel,Adhesive / Composite Concern,Fair,Complete,No,Yes,Character,Feedstock,Special Handling,Output,2025-03-01T23:27:00
M00164,B005,171.0,Ironbark,Post,Verandah post,Adhesive / Composite Concern,Good,Partial,No,No,Feedstock,Feedstock,Board Feedstock,Output,2025-03-01T23:27:00
M00165,B005,1735.9,Messmate,Structural Member,Roof rafter,Known Treatment Recorded,Good,Complete,No,No,Feedstock,Feedstock,Board Feedstock,Output,2025-03-01T23:27:00
M00166,B005,172.9,Blackbutt,Beam,Racking beam,Known Treatment Recorded,Good,Complete,No,No,Rustic,Rustic,Board Feedstock,Output,2025-03-01T23:27:00
M00167,B005,1514.8,Mountain Ash,Board,Fence palings,Surface Coating Recorded,Poor,Complete,No,No,Rustic,Rustic,Board Feedstock,Output,2025-03-01T23:27:00
M00168,B005,519.6,Blackbutt,Beam,Racking beam,Known Treatment Recorded,Good,Complete,No,No,Character,Character,Higher-value Recovery,Output,2025-03-01T23:27:00
M00169,B005,135.4,Blackbutt,Beam,Portal frame member,No Treatment Recorded,Good,Critical Information Missing,Yes,No,Feedstock,Feedstock,Board Feedstock,Output,2025-03-01T23:27:00
M00170,B005,1307.9,Blackbutt,Board,Formwork board,Surface Coating Recorded,Good,Complete,No,No,Feedstock,Feedstock,Board Feedstock,Output,2025-03-01T23:27:00
M00171,B005,253.8,Radiata Pine,Mixed Salvage,Assorted recovered timber,No Treatment Recorded,Poor,Complete,No,No,Rustic,Rustic,Board Feedstock,Output,2025-03-01T23:27:00
M00172,B005,1765.4,Ironbark,Post,Fence post,Adhesive / Composite Concern,Good,Complete,No,No,Character,Character,Higher-value Recovery,Output,2025-03-01T23:27:00
M00173,B005,872.5,Mixed Hardwood,Flooring,Decking board,No Treatment Recorded,Good,Complete,No,No,Rustic,Rustic,Board Feedstock,Output,2025-03-01T23:27:00
M00174,B005,285.9,Blackbutt,Mixed Salvage,Mixed salvage lot,Known Treatment Recorded,Fair,Complete,No,No,Rustic,Rustic,Board Feedstock,Output,2025-03-01T23:27:00
M00175,B005,1115.4,Mountain Ash,Cladding,Weatherboard,No Treatment Recorded,Poor,Complete,No,No,Feedstock,Feedstock,Board Feedstock,Output,2025-03-01T23:27:00
M00176,B005,2179.5,Messmate,Structural Member,Truss member,No Treatment Recorded,Good,Complete,No,No,Character,Character,Higher-value Recovery,Output,2025-03-01T23:27:00
M00177,B005,2430.4,Oregon,Beam,Roof beam,Unknown,Good,Complete,Yes,No,Character,Character,Higher-value Recovery,Output,2025-03-01T23:27:00
M00178,B005,1723.1,Mixed Hardwood,Structural Member,Wall stud,No Treatment Recorded,Poor,Complete,Yes,No,Feedstock,Feedstock,Board Feedstock,Output,2025-03-01T23:27:00
M00179,B005,228.2,Mountain Ash,Flooring,Floor board,Surface Coating Recorded,Fair,Complete,No,No,Character,Character,Higher-value Recovery,Output,2025-03-01T23:27:00
M00180,B005,2206.8,Unknown / Mixed,Cladding,Fascia board,Known Treatment Recorded,Good,Partial,No,No,Rustic,Rustic,Board Feedstock,Output,2025-03-01T23:27:00
M00181,B005,1985.4,Oregon,Board,Dunnage,No Treatment Recorded,Good,Complete,No,No,Feedstock,Feedstock,Board Feedstock,Output,2025-03-01T23:27:00
M00182,B005,926.9,Mixed Hardwood,Flooring,Flooring strip,Known Treatment Recorded,Good,Complete,No,No,Feedstock,Feedstock,Board Feedstock,Output,2025-03-01T23:27:00
M00183,B005,212.4,Mixed Hardwood,Cladding,Fascia board,Known Treatment Recorded,Good,Complete,No,No,Character,Character,Higher-value Recovery,Output,2025-03-01T23:27:00
M00184,B005,214.8,Sydney Blue Gum,Board,Formwork board,Adhesive / Composite Concern,Good,Complete,No,No,Rustic,Rustic,Board Feedstock,Output,2025-03-01T23:27:00
M00185,B005,184.2,Messmate,Board,Fence palings,No Treatment Recorded,Fair,Partial,Yes,No,Premium,Premium,Higher-value Recovery,Output,2025-03-01T23:27:00
M00186,B006,300.1,Oregon,Other,Joinery offcut,Adhesive / Composite Concern,Poor,Complete,Yes,Yes,Character,Feedstock,Special Handling,Output,2025-03-20T21:41:00
M00187,B006,1585.8,Radiata Pine,Mixed Salvage,Assorted recovered timber,Surface Coating Recorded,Fair,Partial,Yes,No,Character,Character,Higher-value Recovery,Output,2025-03-20T21:41:00
M00188,B006,96.6,Unknown / Mixed,Post,Fence post,Known Treatment Recorded,Fair,Partial,No,No,Feedstock,Feedstock,Board Feedstock,Output,2025-03-20T21:41:00
M00189,B006,292.9,Cypress Pine,Board,Dunnage,Unknown,Poor,Critical Information Missing,Yes,No,Feedstock,Feedstock,Board Feedstock,Output,2025-03-20T21:41:00
M00190,B006,1268.1,Oregon,Board,Sawn board,Known Treatment Recorded,Severely Degraded,Critical Information Missing,No,No,Feedstock,Feedstock,Residual / Disposal,Output,2025-03-20T21:41:00
M00191,B006,445.7,Oregon,Beam,Floor joist,Adhesive / Composite Concern,Severely Degraded,Critical Information Missing,Yes,Yes,Feedstock,Feedstock,Special Handling,Output,2025-03-20T21:41:00
M00192,B006,367.1,Unknown / Mixed,Mixed Salvage,Mixed salvage lot,Surface Coating Recorded,Poor,Complete,No,No,Feedstock,Character,Higher-value Recovery,Output,2025-03-20T21:41:00
M00193,B006,1368.5,Cypress Pine,Beam,Floor joist,Unknown,Fair,Partial,No,No,Feedstock,Rustic,Board Feedstock,Output,2025-03-20T21:41:00
M00194,B006,353.7,Radiata Pine,Board,Dunnage,No Treatment Recorded,Fair,Critical Information Missing,Yes,No,Rustic,Rustic,Board Feedstock,Output,2025-03-20T21:41:00
M00195,B006,1262.8,Unknown / Mixed,Structural Member,Truss member,Adhesive / Composite Concern,Fair,Partial,No,No,Rustic,Rustic,Board Feedstock,Output,2025-03-20T21:41:00
M00196,B006,1604.2,Mountain Ash,Post,Fence post,Unknown,Fair,Complete,No,No,Rustic,Rustic,Board Feedstock,Output,2025-03-20T21:41:00
M00197,B006,83.3,Blackbutt,Post,Fence post,Known Treatment Recorded,Good,Complete,No,No,Rustic,Premium,Higher-value Recovery,Output,2025-03-20T21:41:00
M00198,B006,178.6,Oregon,Flooring,Decking board,No Treatment Recorded,Severely Degraded,Complete,Yes,No,Rustic,Feedstock,Residual / Disposal,Output,2025-03-20T21:41:00
M00199,B006,60.6,Cypress Pine,Structural Member,Wall stud,Unknown,Fair,Partial,Yes,No,Rustic,Premium,Higher-value Recovery,Output,2025-03-20T21:41:00
M00200,B006,850.0,Blackbutt,Board,Formwork board,Unknown,Poor,Partial,Yes,No,Rustic,Rustic,Board Feedstock,Output,2025-03-20T21:41:00
M00201,B006,542.0,Sydney Blue Gum,Board,Dunnage,No Treatment Recorded,Good,Partial,Yes,No,Feedstock,Feedstock,Board Feedstock,Output,2025-03-20T21:41:00
M00202,B006,696.0,Oregon,Board,Sawn board,Surface Coating Recorded,Poor,Partial,No,No,Rustic,Character,Higher-value Recovery,Output,2025-03-20T21:41:00
M00203,B006,2484.0,Cypress Pine,Post,Fence post,No Treatment Recorded,Poor,Complete,Yes,No,Feedstock,Feedstock,Board Feedstock,Output,2025-03-20T21:41:00
M00204,B006,1729.4,Radiata Pine,Flooring,Flooring strip,Adhesive / Composite Concern,Fair,Complete,No,Yes,Feedstock,Feedstock,Special Handling,Output,2025-03-20T21:41:00
M00205,B006,896.8,Radiata Pine,Beam,Roof beam,Conflicting Record,Poor,Critical Information Missing,No,No,Feedstock,Feedstock,Board Feedstock,Output,2025-03-20T21:41:00
M00206,B006,2152.6,Spotted Gum,Mixed Salvage,Assorted recovered timber,No Treatment Recorded,Poor,Critical Information Missing,Yes,No,Rustic,Character,Higher-value Recovery,Output,2025-03-20T21:41:00
M00207,B006,2663.6,Oregon,Cladding,Weatherboard,No Treatment Recorded,Good,Partial,Yes,No,Character,Character,Higher-value Recovery,Output,2025-03-20T21:41:00
M00208,B006,320.8,Unknown / Mixed,Beam,Portal frame member,Unknown,Poor,Complete,No,No,Feedstock,Rustic,Board Feedstock,Output,2025-03-20T21:41:00
M00209,B006,927.0,Spotted Gum,Cladding,Cladding panel,Surface Coating Recorded,Severely Degraded,Complete,No,No,Feedstock,Feedstock,Residual / Disposal,Output,2025-03-20T21:41:00
M00210,B006,2555.7,Radiata Pine,Board,Dunnage,No Treatment Recorded,Good,Partial,Yes,Yes,Character,Feedstock,Special Handling,Output,2025-03-20T21:41:00
M00211,B006,2705.8,Unknown / Mixed,Mixed Salvage,Assorted recovered timber,Unknown,Poor,Partial,Yes,No,Feedstock,Feedstock,Board Feedstock,Output,2025-03-20T21:41:00
M00212,B006,266.5,Spotted Gum,Board,Fence palings,Unknown,Poor,Partial,No,No,Feedstock,Feedstock,Board Feedstock,Output,2025-03-20T21:41:00
M00213,B006,141.8,Radiata Pine,Board,Dunnage,Unknown,Good,Partial,No,No,Feedstock,Feedstock,Board Feedstock,Output,2025-03-20T21:41:00
M00214,B007,1646.4,Blackbutt,Structural Member,Truss member,Conflicting Record,Good,Complete,No,Yes,Rustic,Feedstock,Special Handling,Output,2025-03-25T18:30:00
M00215,B007,47.7,Mountain Ash,Post,Fence post,Known Treatment Recorded,Good,Partial,No,No,Character,Character,Higher-value Recovery,Output,2025-03-25T18:30:00
M00216,B007,485.9,Ironbark,Cladding,Cladding panel,Surface Coating Recorded,Fair,Complete,No,No,Premium,Premium,Higher-value Recovery,Output,2025-03-25T18:30:00
M00217,B007,405.8,Cypress Pine,Cladding,Weatherboard,Known Treatment Recorded,Fair,Complete,No,No,Rustic,Rustic,Board Feedstock,Output,2025-03-25T18:30:00
M00218,B007,2292.8,Messmate,Beam,Racking beam,Known Treatment Recorded,Fair,Complete,No,No,Feedstock,Feedstock,Board Feedstock,Output,2025-03-25T18:30:00
M00219,B007,251.3,Mountain Ash,Structural Member,Truss member,No Treatment Recorded,Fair,Complete,No,No,Feedstock,Rustic,Board Feedstock,Output,2025-03-25T18:30:00
M00220,B007,436.0,Blackbutt,Beam,Racking beam,No Treatment Recorded,Poor,Complete,No,No,Feedstock,Feedstock,Board Feedstock,Output,2025-03-25T18:30:00
M00221,B007,889.5,Unknown / Mixed,Post,Structural post,No Treatment Recorded,Fair,Partial,Yes,No,Character,Character,Higher-value Recovery,Output,2025-03-25T18:30:00
M00222,B007,1032.7,Sydney Blue Gum,Beam,Portal frame member,Surface Coating Recorded,Good,Complete,No,No,Character,Character,Higher-value Recovery,Output,2025-03-25T18:30:00
M00223,B007,1106.4,Blackbutt,Cladding,Fascia board,No Treatment Recorded,Good,Complete,Yes,No,Rustic,Rustic,Board Feedstock,Output,2025-03-25T18:30:00
M00224,B007,629.0,Mixed Hardwood,Structural Member,Roof rafter,No Treatment Recorded,Poor,Complete,No,No,Rustic,Rustic,Board Feedstock,Output,2025-03-25T18:30:00
M00225,B007,994.5,Spotted Gum,Structural Member,Truss member,No Treatment Recorded,Good,Complete,No,No,Rustic,Rustic,Board Feedstock,Output,2025-03-25T18:30:00
M00226,B007,49.0,Blackbutt,Board,Sawn board,Surface Coating Recorded,Fair,Complete,No,No,Rustic,Rustic,Board Feedstock,Output,2025-03-25T18:30:00
M00227,B007,343.7,Mountain Ash,Cladding,Cladding panel,Surface Coating Recorded,Poor,Complete,No,No,Character,Character,Higher-value Recovery,Output,2025-03-25T18:30:00
M00228,B007,1206.8,Sydney Blue Gum,Flooring,Floor board,Known Treatment Recorded,Good,Complete,No,No,Rustic,Rustic,Board Feedstock,Output,2025-03-25T18:30:00
M00229,B007,1010.2,Mixed Hardwood,Cladding,Fascia board,No Treatment Recorded,Poor,Complete,No,No,Character,Character,Higher-value Recovery,Output,2025-03-25T18:30:00
M00230,B007,906.5,Spotted Gum,Board,Fence palings,Known Treatment Recorded,Good,Partial,No,No,Character,Character,Higher-value Recovery,Output,2025-03-25T18:30:00
M00231,B007,207.2,Spotted Gum,Post,Structural post,Surface Coating Recorded,Poor,Partial,No,No,Rustic,Rustic,Board Feedstock,Output,2025-03-25T18:30:00
M00232,B007,1002.4,Cypress Pine,Board,Formwork board,Adhesive / Composite Concern,Good,Critical Information Missing,No,No,Character,Character,Higher-value Recovery,Output,2025-03-25T18:30:00
M00233,B007,1420.8,Spotted Gum,Post,Verandah post,No Treatment Recorded,Good,Complete,No,No,Rustic,Rustic,Board Feedstock,Output,2025-03-25T18:30:00
M00234,B007,217.0,Mixed Hardwood,Structural Member,Roof rafter,No Treatment Recorded,Good,Complete,No,No,Premium,Premium,Higher-value Recovery,Output,2025-03-25T18:30:00
M00235,B007,665.9,Cypress Pine,Beam,Racking beam,Known Treatment Recorded,Fair,Complete,Yes,No,Feedstock,Feedstock,Board Feedstock,Output,2025-03-25T18:30:00
M00236,B007,608.7,Mountain Ash,Beam,Portal frame member,No Treatment Recorded,Poor,Complete,No,No,Premium,Premium,Higher-value Recovery,Output,2025-03-25T18:30:00
M00237,B007,1585.1,Cypress Pine,Structural Member,Roof rafter,No Treatment Recorded,Good,Complete,No,No,Feedstock,Feedstock,Board Feedstock,Output,2025-03-25T18:30:00
M00238,B007,1322.1,Messmate,Flooring,Floor board,Surface Coating Recorded,Good,Critical Information Missing,No,No,Premium,Premium,Higher-value Recovery,Output,2025-03-25T18:30:00
M00239,B007,998.4,Unknown / Mixed,Cladding,Weatherboard,No Treatment Recorded,Good,Complete,No,No,Rustic,Rustic,Board Feedstock,Output,2025-03-25T18:30:00
M00240,B007,199.2,Spotted Gum,Post,Verandah post,No Treatment Recorded,Fair,Partial,No,No,Premium,Premium,Higher-value Recovery,Output,2025-03-25T18:30:00
M00241,B007,262.8,Spotted Gum,Other,Joinery offcut,Known Treatment Recorded,Fair,Complete,No,No,Feedstock,Feedstock,Board Feedstock,Output,2025-03-25T18:30:00
M00242,B007,2073.7,Spotted Gum,Beam,Portal frame member,Surface Coating Recorded,Good,Partial,Yes,No,Premium,Premium,Higher-value Recovery,Output,2025-03-25T18:30:00
M00243,B007,2005.4,Sydney Blue Gum,Board,Dunnage,Adhesive / Composite Concern,Good,Critical Information Missing,No,No,Character,Character,Higher-value Recovery,Output,2025-03-25T18:30:00
M00244,B007,218.2,Radiata Pine,Structural Member,Wall stud,Known Treatment Recorded,Good,Complete,No,No,Rustic,Rustic,Board Feedstock,Output,2025-03-25T18:30:00
M00245,B007,255.6,Blackbutt,Post,Structural post,Known Treatment Recorded,Fair,Complete,No,No,Character,Character,Higher-value Recovery,Output,2025-03-25T18:30:00
M00246,B007,468.2,Oregon,Beam,Racking beam,No Treatment Recorded,Fair,Partial,Yes,No,Feedstock,Feedstock,Board Feedstock,Output,2025-03-25T18:30:00
M00247,B007,530.2,Spotted Gum,Cladding,Fascia board,Known Treatment Recorded,Good,Complete,No,No,Character,Character,Higher-value Recovery,Output,2025-03-25T18:30:00
M00248,B007,1324.6,Mountain Ash,Board,Formwork board,Known Treatment Recorded,Severely Degraded,Complete,Yes,No,Rustic,Feedstock,Residual / Disposal,Output,2025-03-25T18:30:00
M00249,B007,1648.2,Ironbark,Beam,Portal frame member,Surface Coating Recorded,Good,Partial,Yes,No,Premium,Premium,Higher-value Recovery,Output,2025-03-25T18:30:00
M00250,B007,465.9,Sydney Blue Gum,Cladding,Cladding panel,Adhesive / Composite Concern,Severely Degraded,Complete,No,No,Feedstock,Feedstock,Residual / Disposal,Output,2025-03-25T18:30:00
M00251,B007,1260.8,Blackbutt,Flooring,Flooring strip,No Treatment Recorded,Fair,Complete,No,No,Character,Character,Higher-value Recovery,Output,2025-03-25T18:30:00
M00252,B007,1604.4,Mixed Hardwood,Beam,Roof beam,No Treatment Recorded,Fair,Complete,No,No,Feedstock,Feedstock,Board Feedstock,Output,2025-03-25T18:30:00
M00253,B007,1428.1,Spotted Gum,Beam,Floor joist,Adhesive / Composite Concern,Fair,Complete,No,No,Character,Character,Higher-value Recovery,Output,2025-03-25T18:30:00
M00254,B007,1473.5,Spotted Gum,Cladding,Weatherboard,Known Treatment Recorded,Good,Complete,No,No,Rustic,Rustic,Board Feedstock,Output,2025-03-25T18:30:00
M00255,B007,2336.9,Cypress Pine,Flooring,Floor board,No Treatment Recorded,Good,Critical Information Missing,Yes,No,Feedstock,Feedstock,Board Feedstock,Output,2025-03-25T18:30:00
M00256,B007,50.9,Unknown / Mixed,Beam,Floor joist,No Treatment Recorded,Good,Complete,No,No,Rustic,Rustic,Board Feedstock,Output,2025-03-25T18:30:00
M00257,B007,1945.5,Unknown / Mixed,Post,Fence post,Unknown,Good,Complete,No,No,Character,Character,Higher-value Recovery,Output,2025-03-25T18:30:00
M00258,B007,66.8,Blackbutt,Beam,Floor joist,Unknown,Poor,Complete,No,No,Character,Character,Higher-value Recovery,Output,2025-03-25T18:30:00
M00259,B007,1328.4,Sydney Blue Gum,Cladding,Weatherboard,Known Treatment Recorded,Good,Complete,No,No,Premium,Premium,Higher-value Recovery,Output,2025-03-25T18:30:00
M00260,B007,190.9,Spotted Gum,Board,Sawn board,No Treatment Recorded,Severely Degraded,Complete,Yes,No,Character,Character,Higher-value Recovery,Output,2025-03-25T18:30:00
M00261,B008,204.7,Radiata Pine,Beam,Roof beam,Surface Coating Recorded,Good,Partial,No,No,Character,Character,Higher-value Recovery,Output,2025-03-30T20:42:00
M00262,B008,3990.1,Oregon,Beam,Floor joist,Known Treatment Recorded,Fair,Partial,No,No,Rustic,Rustic,Board Feedstock,Output,2025-03-30T20:42:00
M00263,B008,1041.6,Spotted Gum,Beam,Roof beam,Known Treatment Recorded,Fair,Complete,No,No,Feedstock,Feedstock,Board Feedstock,Output,2025-03-30T20:42:00
M00264,B008,118.5,Ironbark,Post,Fence post,Known Treatment Recorded,Fair,Complete,No,No,Character,Premium,Higher-value Recovery,Output,2025-03-30T20:42:00
M00265,B008,235.8,Oregon,Board,Dunnage,Known Treatment Recorded,Fair,Partial,No,No,Feedstock,Feedstock,Board Feedstock,Output,2025-03-30T20:42:00
M00266,B008,2423.7,Cypress Pine,Board,Fence palings,No Treatment Recorded,Poor,Complete,Yes,No,Premium,Premium,Higher-value Recovery,Output,2025-03-30T20:42:00
M00267,B008,196.2,Sydney Blue Gum,Mixed Salvage,Assorted recovered timber,No Treatment Recorded,Poor,Partial,No,No,Rustic,Rustic,Board Feedstock,Output,2025-03-30T20:42:00
M00268,B008,430.7,Unknown / Mixed,Post,Verandah post,Known Treatment Recorded,Poor,Partial,No,No,Feedstock,Feedstock,Board Feedstock,Output,2025-03-30T20:42:00
M00269,B008,69.9,Unknown / Mixed,Structural Member,Truss member,No Treatment Recorded,Fair,Partial,No,No,Feedstock,Feedstock,Board Feedstock,Output,2025-03-30T20:42:00
M00270,B008,569.3,Radiata Pine,Board,Fence palings,Adhesive / Composite Concern,Severely Degraded,Partial,No,No,Rustic,Feedstock,Residual / Disposal,Output,2025-03-30T20:42:00
M00271,B008,3662.9,Radiata Pine,Beam,Portal frame member,Unknown,Good,Critical Information Missing,No,No,Feedstock,Feedstock,Board Feedstock,Output,2025-03-30T20:42:00
M00272,B008,807.4,Cypress Pine,Post,Verandah post,Surface Coating Recorded,Poor,Partial,No,No,Feedstock,Feedstock,Board Feedstock,Output,2025-03-30T20:42:00
M00273,B008,255.0,Radiata Pine,Cladding,Cladding panel,Known Treatment Recorded,Good,Complete,No,No,Feedstock,Rustic,Board Feedstock,Output,2025-03-30T20:42:00
M00274,B008,310.7,Radiata Pine,Beam,Racking beam,Conflicting Record,Fair,Complete,No,No,Feedstock,Feedstock,Board Feedstock,Output,2025-03-30T20:42:00
M00275,B008,3002.2,Radiata Pine,Post,Verandah post,No Treatment Recorded,Fair,Partial,No,No,Rustic,Rustic,Board Feedstock,Output,2025-03-30T20:42:00
M00276,B008,2551.5,Cypress Pine,Structural Member,Roof rafter,Unknown,Fair,Partial,No,No,Character,Character,Higher-value Recovery,Output,2025-03-30T20:42:00
M00277,B008,94.9,Ironbark,Flooring,Flooring strip,No Treatment Recorded,Poor,Complete,No,No,Premium,Premium,Higher-value Recovery,Output,2025-03-30T20:42:00
M00278,B008,225.8,Ironbark,Mixed Salvage,Mixed salvage lot,No Treatment Recorded,Poor,Partial,Yes,No,Rustic,Rustic,Board Feedstock,Output,2025-03-30T20:42:00
M00279,B008,249.9,Mixed Hardwood,Cladding,Weatherboard,Unknown,Severely Degraded,Critical Information Missing,No,No,Feedstock,Feedstock,Residual / Disposal,Output,2025-03-30T20:42:00
M00280,B008,243.0,Blackbutt,Cladding,Weatherboard,Known Treatment Recorded,Poor,Partial,No,No,Feedstock,Feedstock,Board Feedstock,Output,2025-03-30T20:42:00
M00281,B008,453.0,Mixed Hardwood,Mixed Salvage,Assorted recovered timber,Known Treatment Recorded,Good,Partial,No,No,Premium,Premium,Higher-value Recovery,Output,2025-03-30T20:42:00
M00282,B008,656.7,Oregon,Mixed Salvage,Mixed salvage lot,Known Treatment Recorded,Fair,Complete,No,No,Feedstock,Feedstock,Board Feedstock,Output,2025-03-30T20:42:00
M00283,B008,331.0,Mixed Hardwood,Board,Sawn board,No Treatment Recorded,Fair,Partial,No,No,Rustic,Rustic,Board Feedstock,Output,2025-03-30T20:42:00
M00284,B008,2164.2,Radiata Pine,Board,Sawn board,No Treatment Recorded,Fair,Complete,No,No,Rustic,Rustic,Board Feedstock,Output,2025-03-30T20:42:00
M00285,B008,2811.3,Mountain Ash,Beam,Portal frame member,Unknown,Good,Critical Information Missing,Yes,No,Rustic,Rustic,Board Feedstock,Output,2025-03-30T20:42:00
M00286,B009,2148.9,Unknown / Mixed,Structural Member,Truss member,Known Treatment Recorded,Fair,Complete,No,No,Character,Character,Higher-value Recovery,Output,2025-04-07T15:14:00
M00287,B009,180.0,Radiata Pine,Post,Structural post,Known Treatment Recorded,Poor,Partial,No,No,Character,Premium,Higher-value Recovery,Output,2025-04-07T15:14:00
M00288,B009,172.1,Oregon,Beam,Roof beam,Surface Coating Recorded,Fair,Complete,No,No,Feedstock,Feedstock,Board Feedstock,Output,2025-04-07T15:14:00
M00289,B009,286.3,Unknown / Mixed,Beam,Floor joist,Conflicting Record,Fair,Critical Information Missing,No,No,Feedstock,Feedstock,Board Feedstock,Output,2025-04-07T15:14:00
M00290,B009,273.0,Messmate,Other,Shelving,Known Treatment Recorded,Fair,Complete,No,No,Premium,Premium,Higher-value Recovery,Output,2025-04-07T15:14:00
M00291,B009,501.5,Mixed Hardwood,Beam,Roof beam,Known Treatment Recorded,Good,Partial,No,Yes,Feedstock,Feedstock,Special Handling,Output,2025-04-07T15:14:00
M00292,B009,1040.0,Cypress Pine,Post,Verandah post,No Treatment Recorded,Fair,Critical Information Missing,No,No,Feedstock,Feedstock,Board Feedstock,Output,2025-04-07T15:14:00
M00293,B009,904.8,Mountain Ash,Mixed Salvage,Mixed salvage lot,No Treatment Recorded,Fair,Complete,No,No,Character,Premium,Higher-value Recovery,Output,2025-04-07T15:14:00
M00294,B009,500.0,Mountain Ash,Beam,Racking beam,Surface Coating Recorded,Fair,Complete,Yes,Yes,Rustic,Feedstock,Special Handling,Output,2025-04-07T15:14:00
M00295,B009,473.0,Radiata Pine,Cladding,Cladding panel,Unknown,Poor,Complete,Yes,Yes,Feedstock,Feedstock,Special Handling,Output,2025-04-07T15:14:00
M00296,B009,210.6,Spotted Gum,Mixed Salvage,Mixed salvage lot,Surface Coating Recorded,Poor,Partial,No,No,Rustic,Rustic,Board Feedstock,Output,2025-04-07T15:14:00
M00297,B009,2191.7,Mixed Hardwood,Beam,Roof beam,No Treatment Recorded,Poor,Partial,Yes,Yes,Feedstock,Feedstock,Special Handling,Output,2025-04-07T15:14:00
M00298,B009,379.1,Blackbutt,Other,Miscellaneous timber,Known Treatment Recorded,Good,Complete,No,Yes,Rustic,Feedstock,Special Handling,Output,2025-04-07T15:14:00
M00299,B009,3566.8,Unknown / Mixed,Mixed Salvage,Mixed salvage lot,Unknown,Fair,Complete,No,No,Feedstock,Feedstock,Board Feedstock,Output,2025-04-07T15:14:00
M00300,B009,2199.1,Cypress Pine,Board,Dunnage,Known Treatment Recorded,Fair,Partial,No,No,Rustic,Premium,Higher-value Recovery,Output,2025-04-07T15:14:00
M00301,B009,142.4,Spotted Gum,Beam,Roof beam,Adhesive / Composite Concern,Fair,Critical Information Missing,No,Yes,Premium,Feedstock,Special Handling,Output,2025-04-07T15:14:00
M00302,B009,464.8,Unknown / Mixed,Other,Joinery offcut,Conflicting Record,Poor,Complete,No,Yes,Feedstock,Feedstock,Special Handling,Output,2025-04-07T15:14:00
M00303,B009,1951.9,Ironbark,Flooring,Floor board,Unknown,Fair,Partial,No,No,Premium,Premium,Higher-value Recovery,Output,2025-04-07T15:14:00
M00304,B009,191.3,Radiata Pine,Board,Formwork board,Known Treatment Recorded,Good,Critical Information Missing,No,Yes,Rustic,Feedstock,Special Handling,Output,2025-04-07T15:14:00
M00305,B009,2017.3,Radiata Pine,Structural Member,Wall stud,Known Treatment Recorded,Poor,Complete,Yes,No,Feedstock,Feedstock,Board Feedstock,Output,2025-04-07T15:14:00
M00306,B009,378.7,Oregon,Structural Member,Truss member,Adhesive / Composite Concern,Good,Complete,No,Yes,Rustic,Feedstock,Special Handling,Output,2025-04-07T15:14:00
M00307,B009,126.7,Messmate,Structural Member,Truss member,Unknown,Poor,Complete,No,Yes,Character,Feedstock,Special Handling,Output,2025-04-07T15:14:00
M00308,B010,219.5,Radiata Pine,Board,Fence palings,Known Treatment Recorded,Good,Critical Information Missing,Yes,No,Feedstock,Feedstock,Board Feedstock,Output,2025-04-28T02:01:00
M00309,B010,3283.4,Mountain Ash,Beam,Racking beam,Unknown,Fair,Partial,No,No,Character,Character,Higher-value Recovery,Output,2025-04-28T02:01:00
M00310,B010,324.3,Mixed Hardwood,Cladding,Fascia board,No Treatment Recorded,Fair,Complete,No,No,Rustic,Character,Higher-value Recovery,Output,2025-04-28T02:01:00
M00311,B010,2451.8,Cypress Pine,Flooring,Flooring strip,Unknown,Poor,Critical Information Missing,Yes,No,Character,Character,Higher-value Recovery,Output,2025-04-28T02:01:00
M00312,B010,1534.8,Cypress Pine,Post,Structural post,Surface Coating Recorded,Good,Complete,No,No,Rustic,Rustic,Board Feedstock,Output,2025-04-28T02:01:00
M00313,B010,1052.7,Radiata Pine,Board,Fence palings,No Treatment Recorded,Fair,Complete,No,No,Premium,Premium,Higher-value Recovery,Output,2025-04-28T02:01:00
M00314,B010,297.8,Cypress Pine,Board,Dunnage,Unknown,Good,Complete,Yes,No,Rustic,Rustic,Board Feedstock,Output,2025-04-28T02:01:00
M00315,B010,276.0,Radiata Pine,Beam,Roof beam,Adhesive / Composite Concern,Poor,Critical Information Missing,No,No,Feedstock,Feedstock,Board Feedstock,Output,2025-04-28T02:01:00
M00316,B010,140.8,Messmate,Structural Member,Wall stud,Conflicting Record,Fair,Complete,Yes,No,Feedstock,Feedstock,Board Feedstock,Output,2025-04-28T02:01:00
M00317,B010,1533.7,Cypress Pine,Post,Verandah post,No Treatment Recorded,Poor,Critical Information Missing,Yes,No,Character,Character,Higher-value Recovery,Output,2025-04-28T02:01:00
M00318,B010,218.4,Mixed Hardwood,Beam,Floor joist,Conflicting Record,Poor,Complete,No,No,Character,Character,Higher-value Recovery,Output,2025-04-28T02:01:00
M00319,B010,1607.7,Spotted Gum,Board,Sawn board,No Treatment Recorded,Good,Critical Information Missing,Yes,No,Feedstock,Feedstock,Board Feedstock,Output,2025-04-28T02:01:00
M00320,B010,2588.9,Ironbark,Other,Joinery offcut,Surface Coating Recorded,Fair,Complete,Yes,No,Premium,Premium,Higher-value Recovery,Output,2025-04-28T02:01:00
M00321,B010,254.2,Mountain Ash,Structural Member,Roof rafter,Adhesive / Composite Concern,Fair,Complete,Yes,Yes,Rustic,Feedstock,Special Handling,Output,2025-04-28T02:01:00
M00322,B010,2991.8,Cypress Pine,Mixed Salvage,Assorted recovered timber,Known Treatment Recorded,Good,Complete,No,No,Premium,Premium,Higher-value Recovery,Output,2025-04-28T02:01:00
M00323,B010,2877.1,Blackbutt,Beam,Racking beam,Surface Coating Recorded,Good,Complete,No,No,Feedstock,Feedstock,Board Feedstock,Output,2025-04-28T02:01:00
M00324,B010,297.5,Cypress Pine,Beam,Portal frame member,No Treatment Recorded,Fair,Complete,Yes,Yes,Character,Feedstock,Special Handling,Output,2025-04-28T02:01:00
M00325,B010,376.6,Mountain Ash,Post,Verandah post,Conflicting Record,Fair,Critical Information Missing,No,No,Premium,Premium,Higher-value Recovery,Output,2025-04-28T02:01:00
M00326,B010,1887.6,Spotted Gum,Board,Formwork board,No Treatment Recorded,Fair,Complete,No,No,Premium,Premium,Higher-value Recovery,Output,2025-04-28T02:01:00
M00327,B010,404.7,Unknown / Mixed,Board,Sawn board,No Treatment Recorded,Poor,Partial,No,No,Rustic,Rustic,Board Feedstock,Output,2025-04-28T02:01:00
M00328,B010,113.8,Mixed Hardwood,Board,Formwork board,Known Treatment Recorded,Severely Degraded,Partial,No,No,Premium,Premium,Higher-value Recovery,Output,2025-04-28T02:01:00
M00329,B010,178.1,Spotted Gum,Post,Structural post,Known Treatment Recorded,Fair,Complete,No,No,Feedstock,Feedstock,Board Feedstock,Output,2025-04-28T02:01:00
M00330,B010,381.4,Sydney Blue Gum,Beam,Floor joist,No Treatment Recorded,Poor,Partial,No,No,Rustic,Rustic,Board Feedstock,Output,2025-04-28T02:01:00
M00331,B010,175.0,Cypress Pine,Board,Formwork board,No Treatment Recorded,Good,Complete,No,No,Rustic,Rustic,Board Feedstock,Output,2025-04-28T02:01:00
M00332,B010,1125.2,Mixed Hardwood,Board,Dunnage,Known Treatment Recorded,Fair,Complete,Yes,No,Premium,Premium,Higher-value Recovery,Output,2025-04-28T02:01:00
M00333,B010,1822.5,Oregon,Post,Fence post,No Treatment Recorded,Good,Critical Information Missing,Yes,No,Premium,Premium,Higher-value Recovery,Output,2025-04-28T02:01:00
M00334,B010,156.5,Sydney Blue Gum,Board,Fence palings,No Treatment Recorded,Fair,Partial,No,No,Character,Character,Higher-value Recovery,Output,2025-04-28T02:01:00
M00335,B010,176.9,Oregon,Post,Verandah post,Surface Coating Recorded,Fair,Partial,No,No,Premium,Premium,Higher-value Recovery,Output,2025-04-28T02:01:00
M00336,B010,1245.0,Blackbutt,Post,Fence post,No Treatment Recorded,Good,Complete,No,No,Character,Character,Higher-value Recovery,Output,2025-04-28T02:01:00
M00337,B010,569.9,Unknown / Mixed,Board,Sawn board,Unknown,Fair,Partial,Yes,No,Character,Character,Higher-value Recovery,Output,2025-04-28T02:01:00
M00338,B010,1220.9,Spotted Gum,Cladding,Cladding panel,No Treatment Recorded,Fair,Partial,Yes,No,Character,Character,Higher-value Recovery,Output,2025-04-28T02:01:00
M00339,B010,242.6,Mountain Ash,Structural Member,Roof rafter,No Treatment Recorded,Fair,Critical Information Missing,No,No,Premium,Premium,Higher-value Recovery,Output,2025-04-28T02:01:00
M00340,B010,278.1,Cypress Pine,Beam,Roof beam,Surface Coating Recorded,Good,Complete,No,No,Character,Character,Higher-value Recovery,Output,2025-04-28T02:01:00
M00341,B010,1294.9,Blackbutt,Mixed Salvage,Mixed salvage lot,No Treatment Recorded,Poor,Partial,No,No,Premium,Premium,Higher-value Recovery,Output,2025-04-28T02:01:00
M00342,B010,918.5,Ironbark,Board,Fence palings,No Treatment Recorded,Severely Degraded,Complete,No,No,Character,Premium,Higher-value Recovery,Output,2025-04-28T02:01:00
M00343,B010,858.6,Radiata Pine,Beam,Racking beam,No Treatment Recorded,Good,Complete,No,No,Feedstock,Feedstock,Board Feedstock,Output,2025-04-28T02:01:00
M00344,B010,1358.5,Oregon,Beam,Floor joist,Known Treatment Recorded,Fair,Complete,No,No,Rustic,Rustic,Board Feedstock,Output,2025-04-28T02:01:00
M00345,B010,1389.5,Oregon,Structural Member,Purlin,Known Treatment Recorded,Poor,Complete,Yes,No,Character,Character,Higher-value Recovery,Output,2025-04-28T02:01:00
M00346,B010,274.8,Mixed Hardwood,Mixed Salvage,Mixed salvage lot,No Treatment Recorded,Good,Partial,Yes,No,Rustic,Rustic,Board Feedstock,Output,2025-04-28T02:01:00
M00347,B011,123.3,Unknown / Mixed,Mixed Salvage,Assorted recovered timber,Unknown,Poor,Complete,No,No,Feedstock,Feedstock,Board Feedstock,Output,2025-05-02T18:29:00
M00348,B011,296.2,Oregon,Board,Sawn board,Known Treatment Recorded,Poor,Critical Information Missing,No,No,Rustic,Rustic,Board Feedstock,Output,2025-05-02T18:29:00
M00349,B011,344.1,Unknown / Mixed,Flooring,Floor board,Unknown,Fair,Partial,No,No,Feedstock,Feedstock,Board Feedstock,Output,2025-05-02T18:29:00
M00350,B011,238.2,Unknown / Mixed,Beam,Roof beam,Unknown,Poor,Partial,No,No,Rustic,Rustic,Board Feedstock,Output,2025-05-02T18:29:00
M00351,B011,167.5,Oregon,Board,Formwork board,No Treatment Recorded,Fair,Critical Information Missing,No,No,Feedstock,Feedstock,Board Feedstock,Output,2025-05-02T18:29:00
M00352,B011,945.3,Unknown / Mixed,Board,Sawn board,No Treatment Recorded,Good,Critical Information Missing,No,No,Character,Character,Higher-value Recovery,Output,2025-05-02T18:29:00
M00353,B011,481.6,Oregon,Board,Formwork board,Known Treatment Recorded,Good,Partial,No,No,Feedstock,Feedstock,Board Feedstock,Output,2025-05-02T18:29:00
M00354,B011,3518.2,Unknown / Mixed,Structural Member,Wall stud,No Treatment Recorded,Poor,Partial,No,No,Rustic,Rustic,Board Feedstock,Output,2025-05-02T18:29:00
M00355,B011,3400.0,Unknown / Mixed,Post,Structural post,Surface Coating Recorded,Poor,Partial,No,No,Feedstock,Feedstock,Board Feedstock,Output,2025-05-02T18:29:00
M00356,B011,1602.4,Cypress Pine,Cladding,Cladding panel,No Treatment Recorded,Good,Partial,No,No,Rustic,Rustic,Board Feedstock,Output,2025-05-02T18:29:00
M00357,B011,497.5,Spotted Gum,Post,Structural post,Surface Coating Recorded,Fair,Partial,No,No,Rustic,Rustic,Board Feedstock,Output,2025-05-02T18:29:00
M00358,B011,384.5,Unknown / Mixed,Board,Formwork board,Surface Coating Recorded,Poor,Complete,No,No,Rustic,Rustic,Board Feedstock,Output,2025-05-02T18:29:00
M00359,B011,251.6,Mountain Ash,Other,Joinery offcut,Unknown,Poor,Critical Information Missing,No,No,Feedstock,Feedstock,Board Feedstock,Output,2025-05-02T18:29:00
M00360,B011,305.5,Radiata Pine,Board,Fence palings,Adhesive / Composite Concern,Fair,Partial,No,No,Feedstock,Feedstock,Board Feedstock,Output,2025-05-02T18:29:00
M00361,B011,1179.5,Mixed Hardwood,Board,Dunnage,Adhesive / Composite Concern,Good,Complete,No,No,Feedstock,Feedstock,Board Feedstock,Output,2025-05-02T18:29:00
M00362,B011,253.8,Oregon,Flooring,Floor board,No Treatment Recorded,Fair,Complete,Yes,No,Feedstock,Feedstock,Board Feedstock,Output,2025-05-02T18:29:00
M00363,B011,319.1,Blackbutt,Structural Member,Truss member,Adhesive / Composite Concern,Fair,Complete,No,No,Feedstock,Character,Higher-value Recovery,Output,2025-05-02T18:29:00
M00364,B011,487.9,Ironbark,Flooring,Flooring strip,Unknown,Fair,Critical Information Missing,No,No,Rustic,Rustic,Board Feedstock,Output,2025-05-02T18:29:00
M00365,B011,3671.8,Mountain Ash,Board,Formwork board,No Treatment Recorded,Good,Partial,Yes,No,Premium,Premium,Higher-value Recovery,Output,2025-05-02T18:29:00
M00366,B011,324.4,Cypress Pine,Board,Formwork board,No Treatment Recorded,Fair,Complete,No,No,Feedstock,Feedstock,Board Feedstock,Output,2025-05-02T18:29:00
M00367,B011,2546.8,Radiata Pine,Board,Dunnage,Unknown,Good,Complete,No,No,Rustic,Rustic,Board Feedstock,Output,2025-05-02T18:29:00
M00368,B011,82.5,Radiata Pine,Board,Dunnage,No Treatment Recorded,Poor,Critical Information Missing,No,No,Feedstock,Feedstock,Board Feedstock,Output,2025-05-02T18:29:00
M00369,B011,3508.1,Blackbutt,Cladding,Cladding panel,No Treatment Recorded,Good,Partial,No,No,Feedstock,Feedstock,Board Feedstock,Output,2025-05-02T18:29:00
M00370,B011,2106.8,Cypress Pine,Beam,Roof beam,No Treatment Recorded,Fair,Partial,No,No,Rustic,Rustic,Board Feedstock,Output,2025-05-02T18:29:00
M00371,B011,215.3,Mixed Hardwood,Beam,Roof beam,Surface Coating Recorded,Fair,Partial,No,No,Rustic,Rustic,Board Feedstock,Output,2025-05-02T18:29:00
M00372,B011,423.0,Oregon,Structural Member,Roof rafter,No Treatment Recorded,Poor,Partial,Yes,No,Feedstock,Feedstock,Board Feedstock,Output,2025-05-02T18:29:00
M00373,B011,100.2,Ironbark,Beam,Racking beam,Surface Coating Recorded,Fair,Complete,No,No,Rustic,Rustic,Board Feedstock,Output,2025-05-02T18:29:00
M00374,B011,126.2,Cypress Pine,Mixed Salvage,Assorted recovered timber,Adhesive / Composite Concern,Fair,Critical Information Missing,No,No,Feedstock,Feedstock,Board Feedstock,Output,2025-05-02T18:29:00
M00375,B011,214.4,Oregon,Board,Fence palings,Conflicting Record,Fair,Critical Information Missing,No,No,Feedstock,Rustic,Board Feedstock,Output,2025-05-02T18:29:00
M00376,B011,143.9,Unknown / Mixed,Cladding,Cladding panel,No Treatment Recorded,Good,Partial,No,No,Character,Character,Higher-value Recovery,Output,2025-05-02T18:29:00
M00377,B011,1507.7,Spotted Gum,Other,Shelving,Surface Coating Recorded,Good,Critical Information Missing,No,No,Feedstock,Feedstock,Board Feedstock,Output,2025-05-02T18:29:00
M00378,B011,76.0,Unknown / Mixed,Board,Dunnage,Adhesive / Composite Concern,Poor,Partial,No,Yes,Feedstock,Feedstock,Special Handling,Output,2025-05-02T18:29:00
M00379,B011,2737.7,Blackbutt,Board,Fence palings,Unknown,Poor,Complete,No,Yes,Rustic,Feedstock,Special Handling,Output,2025-05-02T18:29:00
M00380,B011,263.5,Cypress Pine,Post,Structural post,Unknown,Poor,Complete,No,No,Feedstock,Feedstock,Board Feedstock,Output,2025-05-02T18:29:00
M00381,B011,158.4,Oregon,Other,Shelving,Adhesive / Composite Concern,Good,Partial,No,No,Rustic,Rustic,Board Feedstock,Output,2025-05-02T18:29:00
M00382,B011,1997.1,Unknown / Mixed,Board,Dunnage,Conflicting Record,Poor,Critical Information Missing,No,No,Feedstock,Feedstock,Board Feedstock,Output,2025-05-02T18:29:00
M00383,B012,268.6,Ironbark,Board,Sawn board,Conflicting Record,Fair,Complete,No,No,Feedstock,Character,Higher-value Recovery,Output,2025-05-12T14:37:00
M00384,B012,327.3,Unknown / Mixed,Beam,Floor joist,No Treatment Recorded,Good,Complete,No,No,Rustic,Rustic,Board Feedstock,Output,2025-05-12T14:37:00
M00385,B012,176.5,Oregon,Beam,Floor joist,Unknown,Good,Partial,Yes,No,Feedstock,Feedstock,Board Feedstock,Output,2025-05-12T14:37:00
M00386,B012,982.8,Sydney Blue Gum,Other,Shelving,No Treatment Recorded,Good,Critical Information Missing,No,Yes,Rustic,Feedstock,Special Handling,Output,2025-05-12T14:37:00
M00387,B012,478.3,Unknown / Mixed,Structural Member,Roof rafter,Unknown,Poor,Complete,No,No,Rustic,Rustic,Board Feedstock,Output,2025-05-12T14:37:00
M00388,B012,644.1,Mountain Ash,Structural Member,Truss member,No Treatment Recorded,Good,Critical Information Missing,No,No,Rustic,Rustic,Board Feedstock,Output,2025-05-12T14:37:00
M00389,B012,2955.5,Sydney Blue Gum,Flooring,Decking board,Adhesive / Composite Concern,Good,Complete,No,No,Premium,Premium,Higher-value Recovery,Output,2025-05-12T14:37:00
M00390,B012,271.0,Sydney Blue Gum,Board,Fence palings,Adhesive / Composite Concern,Fair,Critical Information Missing,Yes,No,Feedstock,Feedstock,Board Feedstock,Output,2025-05-12T14:37:00
M00391,B012,858.1,Unknown / Mixed,Board,Dunnage,Adhesive / Composite Concern,Good,Partial,No,No,Feedstock,Feedstock,Board Feedstock,Output,2025-05-12T14:37:00
M00392,B012,1094.4,Messmate,Board,Fence palings,Unknown,Fair,Partial,No,No,Feedstock,Feedstock,Board Feedstock,Output,2025-05-12T14:37:00
M00393,B012,1417.2,Unknown / Mixed,Flooring,Decking board,Unknown,Fair,Critical Information Missing,No,No,Feedstock,Feedstock,Board Feedstock,Output,2025-05-12T14:37:00
M00394,B012,2569.5,Spotted Gum,Other,Miscellaneous timber,Surface Coating Recorded,Poor,Complete,No,No,Feedstock,Feedstock,Board Feedstock,Output,2025-05-12T14:37:00
M00395,B012,1765.1,Spotted Gum,Board,Dunnage,Known Treatment Recorded,Fair,Partial,No,No,Rustic,Rustic,Board Feedstock,Output,2025-05-12T14:37:00
M00396,B012,1647.3,Mixed Hardwood,Post,Verandah post,Conflicting Record,Fair,Partial,No,Yes,Feedstock,Feedstock,Special Handling,Output,2025-05-12T14:37:00
M00397,B012,131.4,Oregon,Post,Structural post,Known Treatment Recorded,Fair,Partial,No,No,Feedstock,Rustic,Board Feedstock,Output,2025-05-12T14:37:00
M00398,B012,635.5,Unknown / Mixed,Post,Fence post,Surface Coating Recorded,Poor,Critical Information Missing,No,No,Character,Character,Higher-value Recovery,Output,2025-05-12T14:37:00
M00399,B012,771.6,Unknown / Mixed,Structural Member,Purlin,No Treatment Recorded,Good,Partial,No,No,Character,Character,Higher-value Recovery,Output,2025-05-12T14:37:00
M00400,B012,71.4,Messmate,Board,Fence palings,Conflicting Record,Poor,Partial,No,No,Rustic,Rustic,Board Feedstock,Output,2025-05-12T14:37:00
M00401,B012,1272.9,Mountain Ash,Cladding,Weatherboard,Unknown,Good,Critical Information Missing,Yes,No,Feedstock,Feedstock,Board Feedstock,Output,2025-05-12T14:37:00
M00402,B012,1035.8,Cypress Pine,Other,Shelving,Unknown,Good,Partial,No,No,Feedstock,Feedstock,Board Feedstock,Output,2025-05-12T14:37:00
M00403,B012,142.8,Radiata Pine,Beam,Racking beam,No Treatment Recorded,Poor,Partial,No,No,Feedstock,Rustic,Board Feedstock,Output,2025-05-12T14:37:00
M00404,B012,1404.9,Unknown / Mixed,Flooring,Flooring strip,Unknown,Fair,Critical Information Missing,No,No,Feedstock,Feedstock,Board Feedstock,Output,2025-05-12T14:37:00
M00405,B012,1015.4,Unknown / Mixed,Cladding,Cladding panel,No Treatment Recorded,Poor,Complete,No,No,Feedstock,Rustic,Board Feedstock,Output,2025-05-12T14:37:00
M00406,B012,330.3,Oregon,Board,Sawn board,No Treatment Recorded,Poor,Critical Information Missing,No,No,Rustic,Rustic,Board Feedstock,Output,2025-05-12T14:37:00
M00407,B012,147.4,Radiata Pine,Flooring,Floor board,No Treatment Recorded,Fair,Partial,No,No,Rustic,Rustic,Board Feedstock,Output,2025-05-12T14:37:00
M00408,B012,430.8,Radiata Pine,Beam,Floor joist,Unknown,Severely Degraded,Complete,No,No,Rustic,Feedstock,Residual / Disposal,Output,2025-05-12T14:37:00
M00409,B012,1664.1,Oregon,Board,Fence palings,No Treatment Recorded,Fair,Complete,No,No,Feedstock,Feedstock,Board Feedstock,Output,2025-05-12T14:37:00
M00410,B012,339.6,Ironbark,Cladding,Fascia board,No Treatment Recorded,Good,Partial,No,No,Rustic,Rustic,Board Feedstock,Output,2025-05-12T14:37:00
M00411,B012,1675.9,Ironbark,Board,Sawn board,No Treatment Recorded,Fair,Complete,No,Yes,Character,Feedstock,Special Handling,Output,2025-05-12T14:37:00
M00412,B012,386.3,Unknown / Mixed,Structural Member,Truss member,Known Treatment Recorded,Good,Partial,No,No,Rustic,Rustic,Board Feedstock,Output,2025-05-12T14:37:00
M00413,B012,2169.0,Messmate,Cladding,Weatherboard,Surface Coating Recorded,Fair,Critical Information Missing,Yes,No,Character,Character,Higher-value Recovery,Output,2025-05-12T14:37:00
M00414,B012,319.2,Unknown / Mixed,Post,Fence post,Unknown,Poor,Complete,No,No,Feedstock,Feedstock,Board Feedstock,Output,2025-05-12T14:37:00
M00415,B013,1830.6,Messmate,Cladding,Weatherboard,No Treatment Recorded,Good,Complete,No,No,Character,Character,Higher-value Recovery,Output,2025-05-25T16:07:00
M00416,B013,613.9,Mountain Ash,Beam,Roof beam,No Treatment Recorded,Good,Complete,No,No,Character,Character,Higher-value Recovery,Output,2025-05-25T16:07:00
M00417,B013,1383.1,Messmate,Beam,Roof beam,Surface Coating Recorded,Fair,Complete,No,Yes,Character,Feedstock,Special Handling,Output,2025-05-25T16:07:00
M00418,B013,248.6,Blackbutt,Beam,Floor joist,No Treatment Recorded,Fair,Complete,No,No,Premium,Premium,Higher-value Recovery,Output,2025-05-25T16:07:00
M00419,B013,1141.8,Blackbutt,Post,Structural post,No Treatment Recorded,Fair,Complete,No,No,Character,Character,Higher-value Recovery,Output,2025-05-25T16:07:00
M00420,B013,830.2,Spotted Gum,Beam,Racking beam,Adhesive / Composite Concern,Good,Complete,No,No,Premium,Premium,Higher-value Recovery,Output,2025-05-25T16:07:00
M00421,B013,200.5,Spotted Gum,Flooring,Decking board,Known Treatment Recorded,Fair,Complete,No,No,Rustic,Rustic,Board Feedstock,Output,2025-05-25T16:07:00
M00422,B013,1548.8,Radiata Pine,Beam,Portal frame member,No Treatment Recorded,Poor,Complete,No,No,Character,Character,Higher-value Recovery,Output,2025-05-25T16:07:00
M00423,B013,214.3,Messmate,Structural Member,Wall stud,Adhesive / Composite Concern,Good,Complete,No,No,Feedstock,Character,Higher-value Recovery,Output,2025-05-25T16:07:00
M00424,B013,791.3,Spotted Gum,Structural Member,Wall stud,Known Treatment Recorded,Poor,Complete,No,No,Character,Character,Higher-value Recovery,Output,2025-05-25T16:07:00
M00425,B013,1462.6,Spotted Gum,Flooring,Decking board,No Treatment Recorded,Good,Complete,No,No,Feedstock,Feedstock,Board Feedstock,Output,2025-05-25T16:07:00
M00426,B013,1739.5,Blackbutt,Cladding,Cladding panel,No Treatment Recorded,Good,Complete,No,No,Feedstock,Feedstock,Board Feedstock,Output,2025-05-25T16:07:00
M00427,B013,188.0,Spotted Gum,Structural Member,Roof rafter,Known Treatment Recorded,Poor,Complete,No,No,Rustic,Rustic,Board Feedstock,Output,2025-05-25T16:07:00
M00428,B013,1904.7,Blackbutt,Beam,Floor joist,Known Treatment Recorded,Poor,Complete,No,No,Premium,Premium,Higher-value Recovery,Output,2025-05-25T16:07:00
M00429,B013,1615.2,Messmate,Flooring,Floor board,No Treatment Recorded,Good,Complete,No,No,Rustic,Rustic,Board Feedstock,Output,2025-05-25T16:07:00
M00430,B013,215.9,Blackbutt,Post,Verandah post,Known Treatment Recorded,Good,Complete,Yes,No,Feedstock,Feedstock,Board Feedstock,Output,2025-05-25T16:07:00
M00431,B013,2563.7,Spotted Gum,Beam,Floor joist,No Treatment Recorded,Fair,Partial,Yes,No,Character,Character,Higher-value Recovery,Output,2025-05-25T16:07:00
M00432,B013,219.3,Blackbutt,Post,Fence post,Known Treatment Recorded,Poor,Partial,Yes,No,Premium,Premium,Higher-value Recovery,Output,2025-05-25T16:07:00
M00433,B013,100.7,Mixed Hardwood,Post,Fence post,Unknown,Fair,Complete,No,No,Premium,Premium,Higher-value Recovery,Output,2025-05-25T16:07:00
M00434,B013,366.5,Spotted Gum,Beam,Roof beam,Known Treatment Recorded,Fair,Complete,No,No,Feedstock,Feedstock,Board Feedstock,Output,2025-05-25T16:07:00
M00435,B013,3101.4,Ironbark,Beam,Portal frame member,Adhesive / Composite Concern,Poor,Complete,No,No,Rustic,Rustic,Board Feedstock,Output,2025-05-25T16:07:00
M00436,B013,148.4,Oregon,Structural Member,Wall stud,No Treatment Recorded,Good,Partial,No,No,Character,Character,Higher-value Recovery,Output,2025-05-25T16:07:00
M00437,B013,90.8,Ironbark,Post,Verandah post,No Treatment Recorded,Good,Complete,No,No,Premium,Premium,Higher-value Recovery,Output,2025-05-25T16:07:00
M00438,B013,330.8,Oregon,Other,Shelving,Adhesive / Composite Concern,Good,Complete,No,No,Premium,Premium,Higher-value Recovery,Output,2025-05-25T16:07:00
M00439,B013,634.3,Ironbark,Beam,Portal frame member,No Treatment Recorded,Good,Complete,No,No,Rustic,Rustic,Board Feedstock,Output,2025-05-25T16:07:00
M00440,B013,1748.0,Spotted Gum,Mixed Salvage,Mixed salvage lot,Surface Coating Recorded,Good,Complete,No,No,Character,Premium,Higher-value Recovery,Output,2025-05-25T16:07:00
M00441,B013,136.3,Ironbark,Flooring,Decking board,Surface Coating Recorded,Good,Complete,No,No,Rustic,Rustic,Board Feedstock,Output,2025-05-25T16:07:00
M00442,B013,1257.8,Mixed Hardwood,Cladding,Weatherboard,Known Treatment Recorded,Good,Partial,No,No,Premium,Premium,Higher-value Recovery,Output,2025-05-25T16:07:00
M00443,B013,588.9,Mountain Ash,Cladding,Cladding panel,Known Treatment Recorded,Fair,Complete,No,No,Rustic,Rustic,Board Feedstock,Output,2025-05-25T16:07:00
M00444,B013,778.6,Cypress Pine,Structural Member,Purlin,Known Treatment Recorded,Fair,Complete,No,Yes,Character,Feedstock,Special Handling,Output,2025-05-25T16:07:00
M00445,B013,704.0,Mountain Ash,Structural Member,Truss member,No Treatment Recorded,Fair,Complete,No,No,Character,Character,Higher-value Recovery,Output,2025-05-25T16:07:00
M00446,B013,169.7,Blackbutt,Structural Member,Truss member,Known Treatment Recorded,Fair,Complete,No,No,Character,Character,Higher-value Recovery,Output,2025-05-25T16:07:00
M00447,B013,115.2,Spotted Gum,Flooring,Flooring strip,No Treatment Recorded,Good,Complete,No,No,Rustic,Rustic,Board Feedstock,Output,2025-05-25T16:07:00
M00448,B013,411.4,Mountain Ash,Structural Member,Wall stud,Known Treatment Recorded,Good,Complete,No,No,Premium,Premium,Higher-value Recovery,Output,2025-05-25T16:07:00
M00449,B013,867.8,Ironbark,Beam,Roof beam,No Treatment Recorded,Fair,Complete,No,No,Feedstock,Feedstock,Board Feedstock,Output,2025-05-25T16:07:00
M00450,B013,394.5,Oregon,Flooring,Decking board,Surface Coating Recorded,Good,Complete,No,No,Premium,Premium,Higher-value Recovery,Output,2025-05-25T16:07:00
M00451,B013,192.0,Unknown / Mixed,Beam,Roof beam,No Treatment Recorded,Good,Complete,No,No,Character,Character,Higher-value Recovery,Output,2025-05-25T16:07:00
M00452,B013,82.6,Ironbark,Board,Fence palings,No Treatment Recorded,Fair,Complete,No,No,Character,Character,Higher-value Recovery,Output,2025-05-25T16:07:00
M00453,B013,2008.1,Unknown / Mixed,Board,Fence palings,No Treatment Recorded,Good,Complete,No,No,Premium,Premium,Higher-value Recovery,Output,2025-05-25T16:07:00
M00454,B013,754.6,Sydney Blue Gum,Board,Formwork board,Surface Coating Recorded,Fair,Partial,No,No,Character,Character,Higher-value Recovery,Output,2025-05-25T16:07:00
M00455,B013,674.9,Blackbutt,Beam,Roof beam,Known Treatment Recorded,Good,Complete,No,No,Character,Character,Higher-value Recovery,Output,2025-05-25T16:07:00
M00456,B013,299.0,Messmate,Beam,Floor joist,No Treatment Recorded,Poor,Complete,No,No,Character,Character,Higher-value Recovery,Output,2025-05-25T16:07:00
M00457,B013,985.0,Mixed Hardwood,Beam,Roof beam,No Treatment Recorded,Good,Complete,No,No,Character,Character,Higher-value Recovery,Output,2025-05-25T16:07:00
M00458,B013,895.5,Ironbark,Beam,Racking beam,Surface Coating Recorded,Fair,Complete,No,No,Rustic,Rustic,Board Feedstock,Output,2025-05-25T16:07:00
M00459,B013,1437.3,Oregon,Flooring,Floor board,Adhesive / Composite Concern,Fair,Complete,No,No,Character,Character,Higher-value Recovery,Output,2025-05-25T16:07:00
M00460,B013,1520.9,Blackbutt,Mixed Salvage,Mixed salvage lot,Surface Coating Recorded,Good,Partial,No,No,Premium,Premium,Higher-value Recovery,Output,2025-05-25T16:07:00
M00461,B013,2667.1,Ironbark,Flooring,Flooring strip,No Treatment Recorded,Fair,Partial,No,No,Premium,Premium,Higher-value Recovery,Output,2025-05-25T16:07:00
M00462,B013,2036.0,Unknown / Mixed,Cladding,Weatherboard,No Treatment Recorded,Fair,Complete,No,No,Premium,Premium,Higher-value Recovery,Output,2025-05-25T16:07:00
M00463,B013,1675.8,Spotted Gum,Beam,Racking beam,No Treatment Recorded,Fair,Complete,No,No,Premium,Premium,Higher-value Recovery,Output,2025-05-25T16:07:00
M00464,B013,106.7,Spotted Gum,Beam,Floor joist,Known Treatment Recorded,Fair,Critical Information Missing,No,No,Character,Premium,Higher-value Recovery,Output,2025-05-25T16:07:00
M00465,B013,894.7,Radiata Pine,Board,Formwork board,No Treatment Recorded,Good,Partial,Yes,No,Premium,Premium,Higher-value Recovery,Output,2025-05-25T16:07:00
M00466,B013,235.4,Oregon,Board,Sawn board,Adhesive / Composite Concern,Fair,Complete,No,No,Feedstock,Feedstock,Board Feedstock,Output,2025-05-25T16:07:00
M00467,B013,1874.2,Sydney Blue Gum,Structural Member,Roof rafter,Adhesive / Composite Concern,Good,Partial,No,No,Character,Character,Higher-value Recovery,Output,2025-05-25T16:07:00
M00468,B013,2903.1,Messmate,Board,Fence palings,Surface Coating Recorded,Good,Complete,No,No,Rustic,Rustic,Board Feedstock,Output,2025-05-25T16:07:00
M00469,B014,3183.8,Unknown / Mixed,Structural Member,Wall stud,Unknown,Good,Complete,Yes,No,Feedstock,Feedstock,Board Feedstock,Output,2025-05-30T22:14:00
M00470,B014,3373.9,Unknown / Mixed,Structural Member,Roof rafter,Unknown,Fair,Complete,Yes,No,Feedstock,Feedstock,Board Feedstock,Output,2025-05-30T22:14:00
M00471,B014,1420.0,Unknown / Mixed,Structural Member,Purlin,No Treatment Recorded,Fair,Complete,No,No,Rustic,Premium,Higher-value Recovery,Output,2025-05-30T22:14:00
M00472,B014,486.8,Unknown / Mixed,Beam,Portal frame member,Surface Coating Recorded,Fair,Partial,No,No,Character,Character,Higher-value Recovery,Output,2025-05-30T22:14:00
M00473,B014,1062.7,Unknown / Mixed,Board,Formwork board,Adhesive / Composite Concern,Fair,Critical Information Missing,No,No,Feedstock,Feedstock,Board Feedstock,Output,2025-05-30T22:14:00
M00474,B014,214.0,Radiata Pine,Post,Verandah post,Unknown,Fair,Partial,Yes,No,Rustic,Rustic,Board Feedstock,Output,2025-05-30T22:14:00
M00475,B014,941.6,Blackbutt,Board,Formwork board,Surface Coating Recorded,Fair,Partial,No,No,Rustic,Character,Higher-value Recovery,Output,2025-05-30T22:14:00
M00476,B014,749.5,Mixed Hardwood,Board,Sawn board,Conflicting Record,Poor,Critical Information Missing,Yes,No,Character,Character,Higher-value Recovery,Output,2025-05-30T22:14:00
M00477,B014,172.1,Cypress Pine,Post,Structural post,Unknown,Fair,Critical Information Missing,No,No,Feedstock,Feedstock,Board Feedstock,Output,2025-05-30T22:14:00
M00478,B014,283.3,Radiata Pine,Structural Member,Wall stud,Adhesive / Composite Concern,Good,Critical Information Missing,No,Yes,Rustic,Feedstock,Special Handling,Output,2025-05-30T22:14:00
M00479,B014,4178.3,Unknown / Mixed,Flooring,Floor board,Surface Coating Recorded,Severely Degraded,Complete,No,No,Feedstock,Character,Higher-value Recovery,Output,2025-05-30T22:14:00
M00480,B014,252.7,Mountain Ash,Beam,Roof beam,Adhesive / Composite Concern,Fair,Critical Information Missing,No,No,Premium,Premium,Higher-value Recovery,Output,2025-05-30T22:14:00
M00481,B014,256.8,Unknown / Mixed,Board,Sawn board,No Treatment Recorded,Fair,Partial,No,No,Feedstock,Rustic,Board Feedstock,Output,2025-05-30T22:14:00
M00482,B014,388.3,Unknown / Mixed,Structural Member,Truss member,Adhesive / Composite Concern,Fair,Critical Information Missing,No,No,Rustic,Rustic,Board Feedstock,Output,2025-05-30T22:14:00
M00483,B014,148.6,Cypress Pine,Cladding,Weatherboard,Unknown,Fair,Complete,Yes,No,Feedstock,Feedstock,Board Feedstock,Output,2025-05-30T22:14:00
M00484,B014,2909.3,Mixed Hardwood,Board,Formwork board,Unknown,Fair,Critical Information Missing,No,No,Feedstock,Feedstock,Board Feedstock,Output,2025-05-30T22:14:00
M00485,B014,144.0,Radiata Pine,Cladding,Fascia board,Unknown,Poor,Complete,No,No,Character,Character,Higher-value Recovery,Output,2025-05-30T22:14:00
M00486,B014,477.7,Unknown / Mixed,Beam,Roof beam,No Treatment Recorded,Fair,Partial,No,No,Character,Character,Higher-value Recovery,Output,2025-05-30T22:14:00
M00487,B014,1168.1,Oregon,Mixed Salvage,Mixed salvage lot,Surface Coating Recorded,Good,Complete,No,No,Feedstock,Feedstock,Board Feedstock,Output,2025-05-30T22:14:00
M00488,B014,338.9,Spotted Gum,Post,Verandah post,Unknown,Fair,Critical Information Missing,No,No,Rustic,Rustic,Board Feedstock,Output,2025-05-30T22:14:00
M00489,B014,310.4,Mountain Ash,Structural Member,Truss member,Conflicting Record,Good,Critical Information Missing,No,No,Feedstock,Feedstock,Board Feedstock,Output,2025-05-30T22:14:00
M00490,B014,139.2,Oregon,Structural Member,Purlin,Surface Coating Recorded,Good,Critical Information Missing,No,No,Character,Character,Higher-value Recovery,Output,2025-05-30T22:14:00
M00491,B015,2715.7,Mountain Ash,Post,Verandah post,No Treatment Recorded,Fair,Partial,No,No,Character,Character,Higher-value Recovery,Output,2025-06-12T17:38:00
M00492,B015,660.2,Blackbutt,Flooring,Flooring strip,Known Treatment Recorded,Fair,Partial,No,No,Premium,Premium,Higher-value Recovery,Output,2025-06-12T17:38:00
M00493,B015,632.7,Unknown / Mixed,Cladding,Weatherboard,No Treatment Recorded,Good,Partial,No,No,Feedstock,Rustic,Board Feedstock,Output,2025-06-12T17:38:00
M00494,B015,121.2,Cypress Pine,Board,Dunnage,Surface Coating Recorded,Fair,Complete,No,No,Premium,Premium,Higher-value Recovery,Output,2025-06-12T17:38:00
M00495,B015,2785.6,Oregon,Structural Member,Wall stud,Surface Coating Recorded,Good,Complete,No,No,Rustic,Rustic,Board Feedstock,Output,2025-06-12T17:38:00
M00496,B015,476.8,Oregon,Beam,Portal frame member,No Treatment Recorded,Poor,Partial,No,No,Rustic,Rustic,Board Feedstock,Output,2025-06-12T17:38:00
M00497,B015,1231.7,Spotted Gum,Structural Member,Truss member,Conflicting Record,Good,Critical Information Missing,No,No,Premium,Premium,Higher-value Recovery,Output,2025-06-12T17:38:00
M00498,B015,59.0,Unknown / Mixed,Post,Structural post,Unknown,Good,Complete,Yes,No,Rustic,Rustic,Board Feedstock,Output,2025-06-12T17:38:00
M00499,B015,75.1,Spotted Gum,Structural Member,Truss member,Adhesive / Composite Concern,Good,Critical Information Missing,Yes,No,Premium,Premium,Higher-value Recovery,Output,2025-06-12T17:38:00
M00500,B015,1290.3,Radiata Pine,Flooring,Floor board,Surface Coating Recorded,Good,Partial,No,Yes,Feedstock,Feedstock,Special Handling,Output,2025-06-12T17:38:00
M00501,B015,291.8,Oregon,Flooring,Floor board,Surface Coating Recorded,Fair,Partial,No,No,Feedstock,Feedstock,Board Feedstock,Output,2025-06-12T17:38:00
M00502,B015,1237.6,Mountain Ash,Board,Formwork board,Surface Coating Recorded,Good,Complete,Yes,No,Rustic,Rustic,Board Feedstock,Output,2025-06-12T17:38:00
M00503,B015,2548.9,Radiata Pine,Beam,Roof beam,Unknown,Good,Partial,No,No,Rustic,Rustic,Board Feedstock,Output,2025-06-12T17:38:00
M00504,B015,95.8,Oregon,Beam,Racking beam,Known Treatment Recorded,Good,Critical Information Missing,No,Yes,Feedstock,Feedstock,Special Handling,Output,2025-06-12T17:38:00
M00505,B015,2190.5,Messmate,Post,Verandah post,Surface Coating Recorded,Good,Partial,Yes,No,Rustic,Rustic,Board Feedstock,Output,2025-06-12T17:38:00
M00506,B015,294.6,Unknown / Mixed,Beam,Roof beam,Conflicting Record,Good,Complete,No,No,Feedstock,Feedstock,Board Feedstock,Output,2025-06-12T17:38:00
M00507,B015,250.5,Radiata Pine,Board,Formwork board,No Treatment Recorded,Good,Complete,Yes,No,Feedstock,Feedstock,Board Feedstock,Output,2025-06-12T17:38:00
M00508,B015,1579.6,Cypress Pine,Cladding,Fascia board,Unknown,Poor,Complete,Yes,No,Character,Character,Higher-value Recovery,Output,2025-06-12T17:38:00
M00509,B015,1495.5,Ironbark,Beam,Portal frame member,Conflicting Record,Fair,Partial,No,No,Rustic,Rustic,Board Feedstock,Output,2025-06-12T17:38:00
M00510,B015,283.6,Radiata Pine,Cladding,Fascia board,Conflicting Record,Good,Critical Information Missing,No,Yes,Character,Feedstock,Special Handling,Output,2025-06-12T17:38:00
M00511,B015,148.7,Ironbark,Beam,Floor joist,Surface Coating Recorded,Poor,Partial,No,No,Feedstock,Feedstock,Board Feedstock,Output,2025-06-12T17:38:00
M00512,B015,125.7,Oregon,Board,Dunnage,Known Treatment Recorded,Poor,Complete,No,No,Rustic,Rustic,Board Feedstock,Output,2025-06-12T17:38:00
M00513,B015,1458.7,Mixed Hardwood,Flooring,Floor board,No Treatment Recorded,Good,Partial,No,No,Feedstock,Feedstock,Board Feedstock,Output,2025-06-12T17:38:00
M00514,B015,1152.1,Blackbutt,Cladding,Fascia board,No Treatment Recorded,Fair,Partial,No,No,Character,Character,Higher-value Recovery,Output,2025-06-12T17:38:00
M00515,B015,859.8,Messmate,Cladding,Cladding panel,No Treatment Recorded,Fair,Complete,No,No,Rustic,Rustic,Board Feedstock,Output,2025-06-12T17:38:00
M00516,B015,211.7,Unknown / Mixed,Cladding,Cladding panel,No Treatment Recorded,Good,Critical Information Missing,Yes,No,Rustic,Rustic,Board Feedstock,Output,2025-06-12T17:38:00
M00517,B015,1283.4,Ironbark,Structural Member,Truss member,Surface Coating Recorded,Good,Complete,No,Yes,Rustic,Feedstock,Special Handling,Output,2025-06-12T17:38:00
M00518,B015,892.6,Oregon,Board,Fence palings,No Treatment Recorded,Fair,Complete,No,No,Rustic,Rustic,Board Feedstock,Output,2025-06-12T17:38:00
M00519,B015,723.7,Ironbark,Beam,Roof beam,Adhesive / Composite Concern,Good,Complete,No,No,Character,Character,Higher-value Recovery,Output,2025-06-12T17:38:00
M00520,B015,139.2,Spotted Gum,Post,Fence post,Surface Coating Recorded,Poor,Complete,No,No,Rustic,Rustic,Board Feedstock,Output,2025-06-12T17:38:00
M00521,B015,235.7,Blackbutt,Board,Fence palings,Known Treatment Recorded,Fair,Complete,No,No,Feedstock,Feedstock,Board Feedstock,Output,2025-06-12T17:38:00
M00522,B015,2851.5,Oregon,Board,Dunnage,Surface Coating Recorded,Fair,Complete,No,No,Premium,Premium,Higher-value Recovery,Output,2025-06-12T17:38:00
M00523,B015,1167.3,Cypress Pine,Cladding,Weatherboard,No Treatment Recorded,Fair,Partial,No,No,Rustic,Rustic,Board Feedstock,Output,2025-06-12T17:38:00
M00524,B015,1215.3,Messmate,Flooring,Decking board,Surface Coating Recorded,Fair,Complete,No,No,Premium,Premium,Higher-value Recovery,Output,2025-06-12T17:38:00
M00525,B015,305.2,Cypress Pine,Board,Dunnage,No Treatment Recorded,Good,Complete,No,No,Feedstock,Feedstock,Board Feedstock,Output,2025-06-12T17:38:00
M00526,B015,1431.7,Cypress Pine,Board,Formwork board,No Treatment Recorded,Good,Complete,No,No,Rustic,Rustic,Board Feedstock,Output,2025-06-12T17:38:00
M00527,B015,75.6,Cypress Pine,Mixed Salvage,Mixed salvage lot,No Treatment Recorded,Fair,Partial,No,No,Premium,Premium,Higher-value Recovery,Output,2025-06-12T17:38:00
M00528,B015,102.4,Radiata Pine,Flooring,Floor board,Unknown,Poor,Complete,No,No,Rustic,Rustic,Board Feedstock,Output,2025-06-12T17:38:00
M00529,B015,2522.9,Unknown / Mixed,Mixed Salvage,Mixed salvage lot,Known Treatment Recorded,Poor,Complete,No,Yes,Rustic,Feedstock,Special Handling,Output,2025-06-12T17:38:00
M00530,B015,80.1,Sydney Blue Gum,Board,Formwork board,No Treatment Recorded,Good,Complete,No,No,Rustic,Rustic,Board Feedstock,Output,2025-06-12T17:38:00
M00531,B016,1469.1,Cypress Pine,Other,Shelving,Unknown,Fair,Critical Information Missing,Yes,No,Feedstock,Feedstock,Board Feedstock,Output,2025-06-26T22:23:00
M00532,B016,2162.1,Unknown / Mixed,Post,Structural post,No Treatment Recorded,Fair,Partial,No,No,Premium,Premium,Higher-value Recovery,Output,2025-06-26T22:23:00
M00533,B016,286.6,Ironbark,Mixed Salvage,Assorted recovered timber,No Treatment Recorded,Good,Critical Information Missing,Yes,No,Character,Character,Higher-value Recovery,Output,2025-06-26T22:23:00
M00534,B016,3710.2,Messmate,Beam,Floor joist,Unknown,Fair,Partial,Yes,No,Premium,Premium,Higher-value Recovery,Output,2025-06-26T22:23:00
M00535,B016,2630.3,Messmate,Beam,Racking beam,No Treatment Recorded,Poor,Complete,Yes,No,Character,Character,Higher-value Recovery,Output,2025-06-26T22:23:00
M00536,B016,188.3,Messmate,Structural Member,Roof rafter,No Treatment Recorded,Good,Complete,No,No,Character,Character,Higher-value Recovery,Output,2025-06-26T22:23:00
M00537,B016,209.2,Spotted Gum,Flooring,Decking board,No Treatment Recorded,Good,Complete,No,No,Premium,Premium,Higher-value Recovery,Output,2025-06-26T22:23:00
M00538,B016,995.1,Cypress Pine,Structural Member,Roof rafter,Unknown,Good,Complete,Yes,No,Premium,Premium,Higher-value Recovery,Output,2025-06-26T22:23:00
M00539,B016,152.1,Mixed Hardwood,Structural Member,Truss member,No Treatment Recorded,Fair,Complete,Yes,No,Premium,Premium,Higher-value Recovery,Output,2025-06-26T22:23:00
M00540,B016,404.7,Unknown / Mixed,Beam,Roof beam,No Treatment Recorded,Good,Complete,Yes,No,Premium,Premium,Higher-value Recovery,Output,2025-06-26T22:23:00
M00541,B016,499.5,Unknown / Mixed,Beam,Racking beam,Conflicting Record,Fair,Complete,Yes,No,Rustic,Rustic,Board Feedstock,Output,2025-06-26T22:23:00
M00542,B016,1306.2,Radiata Pine,Board,Formwork board,Known Treatment Recorded,Good,Complete,No,No,Character,Character,Higher-value Recovery,Output,2025-06-26T22:23:00
M00543,B016,303.5,Unknown / Mixed,Cladding,Fascia board,Adhesive / Composite Concern,Fair,Critical Information Missing,No,No,Rustic,Rustic,Board Feedstock,Output,2025-06-26T22:23:00
M00544,B016,4060.7,Cypress Pine,Cladding,Weatherboard,No Treatment Recorded,Good,Critical Information Missing,Yes,No,Rustic,Rustic,Board Feedstock,Output,2025-06-26T22:23:00
M00545,B016,70.6,Sydney Blue Gum,Post,Verandah post,Unknown,Poor,Complete,Yes,No,Premium,Premium,Higher-value Recovery,Output,2025-06-26T22:23:00
M00546,B016,339.3,Spotted Gum,Mixed Salvage,Assorted recovered timber,Unknown,Severely Degraded,Complete,Yes,No,Character,Character,Higher-value Recovery,Output,2025-06-26T22:23:00
M00547,B016,2464.3,Cypress Pine,Post,Verandah post,No Treatment Recorded,Fair,Complete,Yes,No,Premium,Premium,Higher-value Recovery,Output,2025-06-26T22:23:00
M00548,B016,1333.6,Cypress Pine,Beam,Roof beam,Unknown,Good,Complete,No,Yes,Feedstock,Feedstock,Special Handling,Output,2025-06-26T22:23:00
M00549,B016,2897.7,Cypress Pine,Mixed Salvage,Mixed salvage lot,Known Treatment Recorded,Poor,Critical Information Missing,No,No,Premium,Premium,Higher-value Recovery,Output,2025-06-26T22:23:00
M00550,B016,92.4,Mixed Hardwood,Structural Member,Purlin,No Treatment Recorded,Poor,Complete,Yes,No,Rustic,Rustic,Board Feedstock,Output,2025-06-26T22:23:00
M00551,B016,424.1,Cypress Pine,Post,Structural post,Known Treatment Recorded,Good,Complete,No,No,Rustic,Rustic,Board Feedstock,Output,2025-06-26T22:23:00
M00552,B016,2183.1,Radiata Pine,Beam,Roof beam,Unknown,Fair,Critical Information Missing,Yes,No,Rustic,Rustic,Board Feedstock,Output,2025-06-26T22:23:00
M00553,B016,340.7,Messmate,Structural Member,Wall stud,Known Treatment Recorded,Good,Complete,No,No,Feedstock,Feedstock,Board Feedstock,Output,2025-06-26T22:23:00
M00554,B016,1243.3,Mixed Hardwood,Flooring,Decking board,No Treatment Recorded,Fair,Partial,No,No,Premium,Premium,Higher-value Recovery,Output,2025-06-26T22:23:00
M00555,B016,916.4,Spotted Gum,Board,Dunnage,Conflicting Record,Good,Critical Information Missing,Yes,No,Rustic,Rustic,Board Feedstock,Output,2025-06-26T22:23:00
M00556,B016,1553.3,Unknown / Mixed,Cladding,Weatherboard,Known Treatment Recorded,Good,Complete,No,No,Rustic,Rustic,Board Feedstock,Output,2025-06-26T22:23:00
M00557,B016,683.4,Ironbark,Beam,Roof beam,Known Treatment Recorded,Poor,Complete,No,No,Character,Character,Higher-value Recovery,Output,2025-06-26T22:23:00
M00558,B016,324.6,Unknown / Mixed,Beam,Floor joist,Unknown,Fair,Partial,Yes,No,Rustic,Rustic,Board Feedstock,Output,2025-06-26T22:23:00
M00559,B016,1063.3,Mountain Ash,Mixed Salvage,Assorted recovered timber,Adhesive / Composite Concern,Good,Partial,No,No,Premium,Premium,Higher-value Recovery,Output,2025-06-26T22:23:00
M00560,B016,1225.1,Cypress Pine,Other,Miscellaneous timber,Surface Coating Recorded,Good,Complete,No,No,Rustic,Rustic,Board Feedstock,Output,2025-06-26T22:23:00
M00561,B016,2494.6,Messmate,Other,Joinery offcut,No Treatment Recorded,Good,Complete,Yes,No,Character,Character,Higher-value Recovery,Output,2025-06-26T22:23:00
M00562,B016,454.8,Oregon,Board,Dunnage,No Treatment Recorded,Fair,Complete,Yes,No,Rustic,Rustic,Board Feedstock,Output,2025-06-26T22:23:00
M00563,B016,113.5,Cypress Pine,Flooring,Flooring strip,Known Treatment Recorded,Fair,Complete,Yes,No,Rustic,Rustic,Board Feedstock,Output,2025-06-26T22:23:00
M00564,B016,115.2,Cypress Pine,Board,Sawn board,Surface Coating Recorded,Poor,Partial,Yes,No,Character,Character,Higher-value Recovery,Output,2025-06-26T22:23:00
M00565,B016,301.0,Messmate,Beam,Roof beam,Surface Coating Recorded,Good,Partial,No,No,Premium,Premium,Higher-value Recovery,Output,2025-06-26T22:23:00
M00566,B016,488.1,Messmate,Board,Formwork board,Adhesive / Composite Concern,Good,Partial,No,No,Feedstock,Feedstock,Board Feedstock,Output,2025-06-26T22:23:00
M00567,B017,96.9,Cypress Pine,Beam,Floor joist,Conflicting Record,Poor,Critical Information Missing,Yes,No,Feedstock,Feedstock,Board Feedstock,Output,2025-07-24T15:16:00
M00568,B017,258.5,Oregon,Other,Miscellaneous timber,Conflicting Record,Fair,Critical Information Missing,No,No,Feedstock,Character,Higher-value Recovery,Output,2025-07-24T15:16:00
M00569,B017,1221.1,Oregon,Board,Dunnage,No Treatment Recorded,Fair,Critical Information Missing,Yes,No,Feedstock,Feedstock,Board Feedstock,Output,2025-07-24T15:16:00
M00570,B017,966.5,Unknown / Mixed,Post,Structural post,Known Treatment Recorded,Poor,Critical Information Missing,Yes,No,Feedstock,Feedstock,Board Feedstock,Output,2025-07-24T15:16:00
M00571,B017,715.8,Radiata Pine,Post,Verandah post,Known Treatment Recorded,Severely Degraded,Complete,Yes,No,Feedstock,Feedstock,Residual / Disposal,Output,2025-07-24T15:16:00
M00572,B017,978.2,Oregon,Mixed Salvage,Mixed salvage lot,Unknown,Poor,Critical Information Missing,Yes,No,Feedstock,Rustic,Board Feedstock,Output,2025-07-24T15:16:00
M00573,B017,338.1,Radiata Pine,Board,Dunnage,Adhesive / Composite Concern,Poor,Partial,Yes,No,Rustic,Rustic,Board Feedstock,Output,2025-07-24T15:16:00
M00574,B017,2892.5,Radiata Pine,Board,Fence palings,Adhesive / Composite Concern,Poor,Complete,Yes,No,Feedstock,Feedstock,Board Feedstock,Output,2025-07-24T15:16:00
M00575,B017,927.3,Cypress Pine,Structural Member,Wall stud,Conflicting Record,Fair,Partial,Yes,No,Feedstock,Feedstock,Board Feedstock,Output,2025-07-24T15:16:00
M00576,B017,1934.7,Cypress Pine,Board,Fence palings,Surface Coating Recorded,Severely Degraded,Complete,No,No,Rustic,Character,Higher-value Recovery,Output,2025-07-24T15:16:00
M00577,B017,667.0,Cypress Pine,Beam,Floor joist,No Treatment Recorded,Fair,Critical Information Missing,Yes,No,Character,Character,Higher-value Recovery,Output,2025-07-24T15:16:00
M00578,B017,1602.1,Unknown / Mixed,Post,Verandah post,No Treatment Recorded,Poor,Partial,No,No,Rustic,Character,Higher-value Recovery,Output,2025-07-24T15:16:00
M00579,B017,2331.1,Oregon,Post,Structural post,No Treatment Recorded,Severely Degraded,Partial,Yes,No,Feedstock,Feedstock,Residual / Disposal,Output,2025-07-24T15:16:00
M00580,B017,1487.7,Radiata Pine,Structural Member,Purlin,Surface Coating Recorded,Severely Degraded,Complete,No,No,Feedstock,Character,Higher-value Recovery,Output,2025-07-24T15:16:00
M00581,B017,1277.5,Oregon,Mixed Salvage,Mixed salvage lot,Unknown,Poor,Partial,No,No,Feedstock,Feedstock,Board Feedstock,Output,2025-07-24T15:16:00
M00582,B017,1039.6,Cypress Pine,Beam,Floor joist,No Treatment Recorded,Poor,Critical Information Missing,Yes,Yes,Feedstock,Feedstock,Special Handling,Output,2025-07-24T15:16:00
M00583,B017,219.6,Unknown / Mixed,Post,Verandah post,No Treatment Recorded,Severely Degraded,Critical Information Missing,Yes,No,Feedstock,Feedstock,Residual / Disposal,Output,2025-07-24T15:16:00
M00584,B017,211.0,Unknown / Mixed,Board,Fence palings,Unknown,Poor,Critical Information Missing,Yes,No,Feedstock,Feedstock,Board Feedstock,Output,2025-07-24T15:16:00
M00585,B017,2137.5,Unknown / Mixed,Board,Sawn board,No Treatment Recorded,Fair,Complete,Yes,No,Feedstock,Feedstock,Board Feedstock,Output,2025-07-24T15:16:00
M00586,B017,1357.0,Unknown / Mixed,Structural Member,Purlin,Unknown,Fair,Critical Information Missing,Yes,No,Feedstock,Feedstock,Board Feedstock,Output,2025-07-24T15:16:00
M00587,B017,1091.3,Blackbutt,Mixed Salvage,Mixed salvage lot,Unknown,Fair,Complete,Yes,No,Feedstock,Rustic,Board Feedstock,Output,2025-07-24T15:16:00
M00588,B017,227.7,Oregon,Structural Member,Truss member,Surface Coating Recorded,Good,Complete,No,No,Rustic,Rustic,Board Feedstock,Output,2025-07-24T15:16:00
M00589,B017,678.9,Oregon,Structural Member,Wall stud,No Treatment Recorded,Poor,Partial,Yes,No,Character,Premium,Higher-value Recovery,Output,2025-07-24T15:16:00
M00590,B017,693.8,Unknown / Mixed,Post,Verandah post,Surface Coating Recorded,Poor,Complete,Yes,No,Feedstock,Rustic,Board Feedstock,Output,2025-07-24T15:16:00
M00591,B017,147.4,Cypress Pine,Beam,Floor joist,Known Treatment Recorded,Fair,Partial,No,Yes,Feedstock,Feedstock,Special Handling,Output,2025-07-24T15:16:00
M00592,B017,1779.3,Radiata Pine,Mixed Salvage,Assorted recovered timber,Conflicting Record,Fair,Partial,Yes,No,Rustic,Character,Higher-value Recovery,Output,2025-07-24T15:16:00
M00593,B017,1888.7,Ironbark,Structural Member,Purlin,Known Treatment Recorded,Poor,Partial,No,No,Feedstock,Feedstock,Board Feedstock,Output,2025-07-24T15:16:00
M00594,B017,1411.3,Oregon,Mixed Salvage,Mixed salvage lot,No Treatment Recorded,Poor,Critical Information Missing,Yes,No,Rustic,Character,Higher-value Recovery,Output,2025-07-24T15:16:00
M00595,B017,1649.7,Cypress Pine,Structural Member,Truss member,No Treatment Recorded,Good,Partial,No,Yes,Feedstock,Feedstock,Special Handling,Output,2025-07-24T15:16:00
M00596,B017,229.3,Unknown / Mixed,Structural Member,Wall stud,Unknown,Poor,Complete,Yes,No,Feedstock,Character,Higher-value Recovery,Output,2025-07-24T15:16:00
M00597,B017,3300.2,Unknown / Mixed,Beam,Roof beam,Conflicting Record,Fair,Critical Information Missing,Yes,No,Rustic,Rustic,Board Feedstock,Output,2025-07-24T15:16:00
M00598,B017,100.6,Cypress Pine,Beam,Racking beam,No Treatment Recorded,Fair,Complete,Yes,No,Character,Character,Higher-value Recovery,Output,2025-07-24T15:16:00
M00599,B017,371.3,Unknown / Mixed,Board,Formwork board,No Treatment Recorded,Fair,Partial,No,No,Character,Character,Higher-value Recovery,Output,2025-07-24T15:16:00
M00600,B017,341.0,Messmate,Post,Structural post,Unknown,Fair,Partial,No,Yes,Feedstock,Feedstock,Special Handling,Output,2025-07-24T15:16:00
M00601,B017,1873.5,Unknown / Mixed,Mixed Salvage,Assorted recovered timber,Surface Coating Recorded,Poor,Partial,Yes,No,Rustic,Rustic,Board Feedstock,Output,2025-07-24T15:16:00
M00602,B017,128.6,Radiata Pine,Mixed Salvage,Mixed salvage lot,Known Treatment Recorded,Fair,Partial,Yes,No,Feedstock,Feedstock,Board Feedstock,Output,2025-07-24T15:16:00
M00603,B017,1246.4,Radiata Pine,Other,Shelving,Surface Coating Recorded,Poor,Critical Information Missing,No,No,Rustic,Rustic,Board Feedstock,Output,2025-07-24T15:16:00
M00604,B017,1481.7,Unknown / Mixed,Cladding,Cladding panel,Unknown,Fair,Complete,No,No,Rustic,Rustic,Board Feedstock,Output,2025-07-24T15:16:00
M00605,B017,115.6,Oregon,Board,Formwork board,Known Treatment Recorded,Fair,Critical Information Missing,No,No,Feedstock,Feedstock,Board Feedstock,Output,2025-07-24T15:16:00
M00606,B017,1089.6,Oregon,Beam,Roof beam,Known Treatment Recorded,Severely Degraded,Critical Information Missing,Yes,No,Rustic,Character,Higher-value Recovery,Output,2025-07-24T15:16:00
M00607,B017,1356.6,Radiata Pine,Flooring,Decking board,Unknown,Poor,Critical Information Missing,No,No,Feedstock,Feedstock,Board Feedstock,Output,2025-07-24T15:16:00
M00608,B017,479.8,Cypress Pine,Structural Member,Wall stud,No Treatment Recorded,Severely Degraded,Critical Information Missing,Yes,No,Rustic,Feedstock,Residual / Disposal,Output,2025-07-24T15:16:00
M00609,B017,2655.0,Mixed Hardwood,Post,Fence post,No Treatment Recorded,Poor,Complete,Yes,No,Character,Character,Higher-value Recovery,Output,2025-07-24T15:16:00
M00610,B017,403.0,Spotted Gum,Board,Sawn board,Known Treatment Recorded,Good,Complete,Yes,No,Premium,Premium,Higher-value Recovery,Output,2025-07-24T15:16:00
M00611,B018,148.9,Messmate,Cladding,Fascia board,Adhesive / Composite Concern,Fair,Complete,No,No,Feedstock,Feedstock,Board Feedstock,Output,2025-07-10T18:33:00
M00612,B018,1325.2,Mountain Ash,Board,Dunnage,Unknown,Good,Complete,No,No,Character,Premium,Higher-value Recovery,Output,2025-07-10T18:33:00
M00613,B018,312.5,Cypress Pine,Other,Shelving,Surface Coating Recorded,Fair,Partial,No,No,Feedstock,Rustic,Board Feedstock,Output,2025-07-10T18:33:00
M00614,B018,341.3,Messmate,Cladding,Fascia board,No Treatment Recorded,Severely Degraded,Partial,No,No,Feedstock,Feedstock,Residual / Disposal,Output,2025-07-10T18:33:00
M00615,B018,2869.4,Oregon,Structural Member,Purlin,Unknown,Fair,Partial,No,No,Rustic,Rustic,Board Feedstock,Output,2025-07-10T18:33:00
M00616,B018,1292.3,Sydney Blue Gum,Beam,Racking beam,Known Treatment Recorded,Poor,Complete,No,No,Character,Character,Higher-value Recovery,Output,2025-07-10T18:33:00
M00617,B018,196.4,Sydney Blue Gum,Flooring,Floor board,No Treatment Recorded,Fair,Complete,No,No,Feedstock,Feedstock,Board Feedstock,Output,2025-07-10T18:33:00
M00618,B018,137.2,Unknown / Mixed,Beam,Floor joist,No Treatment Recorded,Good,Complete,No,No,Feedstock,Feedstock,Board Feedstock,Output,2025-07-10T18:33:00
M00619,B018,981.8,Messmate,Mixed Salvage,Mixed salvage lot,Known Treatment Recorded,Fair,Complete,No,No,Rustic,Character,Higher-value Recovery,Output,2025-07-10T18:33:00
M00620,B018,559.9,Cypress Pine,Board,Fence palings,Adhesive / Composite Concern,Good,Complete,No,No,Feedstock,Feedstock,Board Feedstock,Output,2025-07-10T18:33:00
M00621,B018,1480.1,Cypress Pine,Board,Dunnage,Surface Coating Recorded,Poor,Partial,No,No,Rustic,Rustic,Board Feedstock,Output,2025-07-10T18:33:00
M00622,B018,1680.2,Ironbark,Board,Dunnage,Known Treatment Recorded,Fair,Complete,No,No,Feedstock,Feedstock,Board Feedstock,Output,2025-07-10T18:33:00
M00623,B018,2648.0,Radiata Pine,Post,Fence post,No Treatment Recorded,Fair,Critical Information Missing,No,No,Premium,Premium,Higher-value Recovery,Output,2025-07-10T18:33:00
M00624,B018,1645.6,Radiata Pine,Beam,Roof beam,Known Treatment Recorded,Poor,Complete,No,No,Feedstock,Feedstock,Board Feedstock,Output,2025-07-10T18:33:00
M00625,B018,899.2,Unknown / Mixed,Board,Dunnage,No Treatment Recorded,Good,Partial,No,No,Feedstock,Feedstock,Board Feedstock,Output,2025-07-10T18:33:00
M00626,B018,1289.5,Mountain Ash,Other,Joinery offcut,Known Treatment Recorded,Good,Complete,No,Yes,Feedstock,Feedstock,Special Handling,Output,2025-07-10T18:33:00
M00627,B018,114.4,Mountain Ash,Beam,Portal frame member,Known Treatment Recorded,Poor,Complete,No,No,Feedstock,Feedstock,Board Feedstock,Output,2025-07-10T18:33:00
M00628,B018,801.9,Radiata Pine,Board,Sawn board,Known Treatment Recorded,Fair,Critical Information Missing,No,No,Feedstock,Feedstock,Board Feedstock,Output,2025-07-10T18:33:00
M00629,B018,895.0,Mountain Ash,Beam,Floor joist,Unknown,Fair,Partial,Yes,No,Character,Character,Higher-value Recovery,Output,2025-07-10T18:33:00
M00630,B018,1784.6,Unknown / Mixed,Other,Shelving,Known Treatment Recorded,Good,Complete,No,No,Feedstock,Feedstock,Board Feedstock,Output,2025-07-10T18:33:00
M00631,B018,776.6,Sydney Blue Gum,Cladding,Fascia board,Adhesive / Composite Concern,Good,Complete,No,No,Premium,Premium,Higher-value Recovery,Output,2025-07-10T18:33:00
M00632,B018,1770.3,Blackbutt,Cladding,Weatherboard,Surface Coating Recorded,Good,Complete,No,No,Rustic,Rustic,Board Feedstock,Output,2025-07-10T18:33:00
M00633,B018,1545.2,Ironbark,Post,Verandah post,No Treatment Recorded,Fair,Complete,No,No,Character,Character,Higher-value Recovery,Output,2025-07-10T18:33:00
M00634,B018,1070.3,Unknown / Mixed,Flooring,Floor board,Unknown,Poor,Critical Information Missing,No,No,Feedstock,Feedstock,Board Feedstock,Output,2025-07-10T18:33:00
M00635,B018,318.4,Mixed Hardwood,Structural Member,Roof rafter,Conflicting Record,Fair,Partial,No,No,Rustic,Rustic,Board Feedstock,Output,2025-07-10T18:33:00
M00636,B018,215.8,Oregon,Mixed Salvage,Mixed salvage lot,No Treatment Recorded,Fair,Complete,No,No,Rustic,Rustic,Board Feedstock,Output,2025-07-10T18:33:00
M00637,B019,1225.3,Unknown / Mixed,Mixed Salvage,Assorted recovered timber,Surface Coating Recorded,Poor,Complete,No,No,Feedstock,Feedstock,Board Feedstock,Output,2025-07-19T13:50:00
M00638,B019,334.4,Mixed Hardwood,Board,Formwork board,No Treatment Recorded,Fair,Critical Information Missing,No,No,Feedstock,Feedstock,Board Feedstock,Output,2025-07-19T13:50:00
M00639,B019,3948.0,Sydney Blue Gum,Board,Fence palings,Known Treatment Recorded,Fair,Complete,No,No,Feedstock,Feedstock,Board Feedstock,Output,2025-07-19T13:50:00
M00640,B019,2101.2,Oregon,Board,Sawn board,Surface Coating Recorded,Good,Complete,Yes,Yes,Feedstock,Feedstock,Special Handling,Output,2025-07-19T13:50:00
M00641,B019,177.5,Unknown / Mixed,Other,Shelving,Adhesive / Composite Concern,Poor,Partial,No,No,Feedstock,Feedstock,Board Feedstock,Output,2025-07-19T13:50:00
M00642,B019,3456.9,Mixed Hardwood,Flooring,Floor board,Known Treatment Recorded,Severely Degraded,Partial,No,No,Premium,Premium,Higher-value Recovery,Output,2025-07-19T13:50:00
M00643,B019,361.5,Unknown / Mixed,Structural Member,Truss member,No Treatment Recorded,Fair,Partial,No,No,Feedstock,Feedstock,Board Feedstock,Output,2025-07-19T13:50:00
M00644,B019,228.0,Unknown / Mixed,Other,Shelving,No Treatment Recorded,Good,Complete,No,No,Rustic,Rustic,Board Feedstock,Output,2025-07-19T13:50:00
M00645,B019,230.8,Messmate,Cladding,Fascia board,Conflicting Record,Fair,Partial,No,No,Feedstock,Feedstock,Board Feedstock,Output,2025-07-19T13:50:00
M00646,B019,495.1,Unknown / Mixed,Structural Member,Purlin,Adhesive / Composite Concern,Fair,Complete,No,Yes,Feedstock,Feedstock,Special Handling,Output,2025-07-19T13:50:00
M00647,B019,194.9,Oregon,Board,Sawn board,Known Treatment Recorded,Poor,Critical Information Missing,No,No,Rustic,Rustic,Board Feedstock,Output,2025-07-19T13:50:00
M00648,B019,318.7,Messmate,Structural Member,Wall stud,No Treatment Recorded,Good,Critical Information Missing,No,No,Feedstock,Feedstock,Board Feedstock,Output,2025-07-19T13:50:00
M00649,B019,259.4,Oregon,Post,Structural post,Unknown,Fair,Critical Information Missing,No,No,Feedstock,Feedstock,Board Feedstock,Output,2025-07-19T13:50:00
M00650,B019,1083.4,Cypress Pine,Board,Sawn board,No Treatment Recorded,Poor,Partial,No,No,Feedstock,Rustic,Board Feedstock,Output,2025-07-19T13:50:00
M00651,B019,313.3,Unknown / Mixed,Beam,Racking beam,Unknown,Fair,Partial,No,No,Feedstock,Feedstock,Board Feedstock,Output,2025-07-19T13:50:00
M00652,B019,101.1,Cypress Pine,Mixed Salvage,Assorted recovered timber,No Treatment Recorded,Good,Complete,No,No,Feedstock,Feedstock,Board Feedstock,Output,2025-07-19T13:50:00
M00653,B019,194.4,Cypress Pine,Structural Member,Wall stud,No Treatment Recorded,Fair,Partial,No,No,Feedstock,Feedstock,Board Feedstock,Output,2025-07-19T13:50:00
M00654,B019,836.6,Radiata Pine,Cladding,Fascia board,Surface Coating Recorded,Fair,Partial,No,No,Feedstock,Feedstock,Board Feedstock,Output,2025-07-19T13:50:00
M00655,B019,531.0,Messmate,Board,Fence palings,Unknown,Fair,Partial,No,No,Feedstock,Feedstock,Board Feedstock,Output,2025-07-19T13:50:00
M00656,B019,410.7,Ironbark,Cladding,Cladding panel,Conflicting Record,Poor,Partial,No,No,Feedstock,Feedstock,Board Feedstock,Output,2025-07-19T13:50:00
M00657,B019,2186.9,Spotted Gum,Board,Formwork board,Unknown,Poor,Complete,Yes,No,Feedstock,Feedstock,Board Feedstock,Output,2025-07-19T13:50:00
M00658,B019,2470.9,Oregon,Board,Sawn board,Surface Coating Recorded,Severely Degraded,Complete,No,No,Feedstock,Feedstock,Residual / Disposal,Output,2025-07-19T13:50:00
M00659,B019,715.4,Oregon,Mixed Salvage,Mixed salvage lot,Surface Coating Recorded,Good,Partial,No,No,Feedstock,Feedstock,Board Feedstock,Output,2025-07-19T13:50:00
M00660,B019,203.4,Cypress Pine,Cladding,Weatherboard,No Treatment Recorded,Poor,Partial,No,No,Feedstock,Feedstock,Board Feedstock,Output,2025-07-19T13:50:00
M00661,B019,409.5,Cypress Pine,Beam,Roof beam,Surface Coating Recorded,Fair,Partial,No,No,Feedstock,Feedstock,Board Feedstock,Output,2025-07-19T13:50:00
M00662,B019,112.1,Messmate,Board,Fence palings,Conflicting Record,Poor,Partial,No,No,Feedstock,Feedstock,Board Feedstock,Output,2025-07-19T13:50:00
M00663,B019,245.8,Unknown / Mixed,Board,Formwork board,Adhesive / Composite Concern,Good,Partial,Yes,No,Feedstock,Feedstock,Board Feedstock,Output,2025-07-19T13:50:00
M00664,B019,1452.3,Oregon,Cladding,Cladding panel,Unknown,Fair,Partial,No,No,Feedstock,Feedstock,Board Feedstock,Output,2025-07-19T13:50:00
M00665,B019,423.9,Unknown / Mixed,Beam,Floor joist,Known Treatment Recorded,Good,Critical Information Missing,No,No,Feedstock,Feedstock,Board Feedstock,Output,2025-07-19T13:50:00
M00666,B019,2338.6,Oregon,Other,Joinery offcut,No Treatment Recorded,Fair,Partial,No,No,Feedstock,Character,Higher-value Recovery,Output,2025-07-19T13:50:00
M00667,B019,246.7,Oregon,Structural Member,Wall stud,Known Treatment Recorded,Poor,Critical Information Missing,No,No,Feedstock,Feedstock,Board Feedstock,Output,2025-07-19T13:50:00
M00668,B019,1651.6,Cypress Pine,Board,Fence palings,No Treatment Recorded,Severely Degraded,Partial,No,No,Feedstock,Feedstock,Residual / Disposal,Output,2025-07-19T13:50:00
M00669,B019,373.4,Radiata Pine,Structural Member,Truss member,Conflicting Record,Poor,Complete,No,No,Feedstock,Feedstock,Board Feedstock,Output,2025-07-19T13:50:00
M00670,B019,341.5,Unknown / Mixed,Beam,Portal frame member,No Treatment Recorded,Fair,Partial,No,No,Character,Character,Higher-value Recovery,Output,2025-07-19T13:50:00
M00671,B019,159.5,Radiata Pine,Beam,Floor joist,Unknown,Poor,Complete,Yes,No,Feedstock,Feedstock,Board Feedstock,Output,2025-07-19T13:50:00
M00672,B019,387.6,Unknown / Mixed,Cladding,Fascia board,No Treatment Recorded,Fair,Partial,No,No,Feedstock,Feedstock,Board Feedstock,Output,2025-07-19T13:50:00
M00673,B019,3378.7,Cypress Pine,Mixed Salvage,Assorted recovered timber,Unknown,Fair,Critical Information Missing,No,No,Rustic,Rustic,Board Feedstock,Output,2025-07-19T13:50:00
M00674,B020,237.0,Oregon,Cladding,Fascia board,No Treatment Recorded,Good,Complete,No,No,Feedstock,Feedstock,Board Feedstock,Output,2025-07-29T14:22:00
M00675,B020,892.6,Messmate,Beam,Portal frame member,Surface Coating Recorded,Fair,Complete,Yes,No,Character,Character,Higher-value Recovery,Output,2025-07-29T14:22:00
M00676,B020,374.4,Cypress Pine,Post,Verandah post,Conflicting Record,Poor,Partial,Yes,No,Rustic,Rustic,Board Feedstock,Output,2025-07-29T14:22:00
M00677,B020,590.8,Unknown / Mixed,Beam,Floor joist,Unknown,Poor,Complete,No,No,Rustic,Rustic,Board Feedstock,Output,2025-07-29T14:22:00
M00678,B020,155.5,Cypress Pine,Beam,Floor joist,Adhesive / Composite Concern,Good,Complete,No,No,Rustic,Rustic,Board Feedstock,Output,2025-07-29T14:22:00
M00679,B020,1941.0,Ironbark,Beam,Floor joist,No Treatment Recorded,Fair,Complete,No,No,Rustic,Rustic,Board Feedstock,Output,2025-07-29T14:22:00
M00680,B020,1455.2,Messmate,Structural Member,Wall stud,No Treatment Recorded,Fair,Critical Information Missing,No,No,Feedstock,Feedstock,Board Feedstock,Output,2025-07-29T14:22:00
M00681,B020,148.9,Ironbark,Structural Member,Truss member,No Treatment Recorded,Good,Complete,No,No,Character,Character,Higher-value Recovery,Output,2025-07-29T14:22:00
M00682,B020,1644.3,Radiata Pine,Cladding,Fascia board,No Treatment Recorded,Fair,Partial,No,No,Feedstock,Feedstock,Board Feedstock,Output,2025-07-29T14:22:00
M00683,B020,2157.9,Cypress Pine,Beam,Floor joist,Surface Coating Recorded,Good,Complete,No,No,Feedstock,Feedstock,Board Feedstock,Output,2025-07-29T14:22:00
M00684,B020,367.1,Cypress Pine,Flooring,Floor board,No Treatment Recorded,Fair,Complete,No,No,Character,Premium,Higher-value Recovery,Output,2025-07-29T14:22:00
M00685,B020,1475.6,Oregon,Post,Verandah post,Surface Coating Recorded,Fair,Partial,No,No,Rustic,Rustic,Board Feedstock,Output,2025-07-29T14:22:00
M00686,B020,3103.6,Unknown / Mixed,Beam,Floor joist,Unknown,Poor,Complete,No,No,Character,Character,Higher-value Recovery,Output,2025-07-29T14:22:00
M00687,B020,1394.1,Spotted Gum,Beam,Portal frame member,No Treatment Recorded,Poor,Critical Information Missing,Yes,No,Rustic,Premium,Higher-value Recovery,Output,2025-07-29T14:22:00
M00688,B020,118.6,Cypress Pine,Flooring,Floor board,No Treatment Recorded,Fair,Complete,No,No,Feedstock,Feedstock,Board Feedstock,Output,2025-07-29T14:22:00
M00689,B020,2702.3,Mixed Hardwood,Mixed Salvage,Assorted recovered timber,Known Treatment Recorded,Poor,Partial,No,No,Character,Character,Higher-value Recovery,Output,2025-07-29T14:22:00
M00690,B020,86.8,Ironbark,Structural Member,Roof rafter,Known Treatment Recorded,Good,Critical Information Missing,Yes,No,Feedstock,Feedstock,Board Feedstock,Output,2025-07-29T14:22:00
M00691,B020,373.2,Cypress Pine,Structural Member,Wall stud,Adhesive / Composite Concern,Fair,Complete,No,Yes,Character,Feedstock,Special Handling,Output,2025-07-29T14:22:00
M00692,B020,2470.1,Spotted Gum,Board,Fence palings,No Treatment Recorded,Fair,Complete,No,No,Character,Character,Higher-value Recovery,Output,2025-07-29T14:22:00
M00693,B020,198.2,Unknown / Mixed,Beam,Racking beam,Surface Coating Recorded,Good,Complete,No,Yes,Feedstock,Feedstock,Special Handling,Output,2025-07-29T14:22:00
M00694,B020,2059.0,Spotted Gum,Board,Dunnage,No Treatment Recorded,Fair,Partial,No,No,Character,Character,Higher-value Recovery,Output,2025-07-29T14:22:00
M00695,B020,1269.2,Messmate,Flooring,Flooring strip,Known Treatment Recorded,Severely Degraded,Complete,No,No,Premium,Premium,Higher-value Recovery,Output,2025-07-29T14:22:00
M00696,B020,196.6,Cypress Pine,Other,Joinery offcut,Surface Coating Recorded,Fair,Critical Information Missing,No,No,Character,Premium,Higher-value Recovery,Output,2025-07-29T14:22:00
M00697,B020,88.4,Radiata Pine,Structural Member,Truss member,Known Treatment Recorded,Good,Complete,No,No,Feedstock,Feedstock,Board Feedstock,Output,2025-07-29T14:22:00
M00698,B020,143.5,Mountain Ash,Board,Sawn board,Surface Coating Recorded,Poor,Complete,No,No,Feedstock,Feedstock,Board Feedstock,Output,2025-07-29T14:22:00
M00699,B020,246.7,Oregon,Board,Fence palings,No Treatment Recorded,Good,Complete,No,No,Rustic,Rustic,Board Feedstock,Output,2025-07-29T14:22:00
M00700,B020,2100.4,Oregon,Board,Formwork board,No Treatment Recorded,Poor,Complete,Yes,No,Rustic,Rustic,Board Feedstock,Output,2025-07-29T14:22:00
M00701,B020,2509.0,Cypress Pine,Cladding,Cladding panel,Unknown,Poor,Partial,No,No,Feedstock,Feedstock,Board Feedstock,Output,2025-07-29T14:22:00
M00702,B021,1091.7,Unknown / Mixed,Board,Fence palings,No Treatment Recorded,Good,Partial,No,No,Premium,Premium,Higher-value Recovery,Output,2025-08-16T18:01:00
M00703,B021,676.2,Blackbutt,Board,Formwork board,Known Treatment Recorded,Good,Partial,No,No,Rustic,Rustic,Board Feedstock,Output,2025-08-16T18:01:00
M00704,B021,1349.6,Ironbark,Board,Fence palings,Unknown,Good,Complete,No,No,Premium,Premium,Higher-value Recovery,Output,2025-08-16T18:01:00
M00705,B021,86.4,Messmate,Beam,Floor joist,Surface Coating Recorded,Good,Complete,No,No,Premium,Premium,Higher-value Recovery,Output,2025-08-16T18:01:00
M00706,B021,246.9,Spotted Gum,Structural Member,Wall stud,Surface Coating Recorded,Good,Partial,Yes,No,Rustic,Rustic,Board Feedstock,Output,2025-08-16T18:01:00
M00707,B021,380.3,Radiata Pine,Cladding,Cladding panel,Known Treatment Recorded,Good,Complete,No,No,Feedstock,Feedstock,Board Feedstock,Output,2025-08-16T18:01:00
M00708,B021,1807.2,Oregon,Post,Verandah post,Known Treatment Recorded,Good,Complete,Yes,No,Feedstock,Feedstock,Board Feedstock,Output,2025-08-16T18:01:00
M00709,B021,329.3,Radiata Pine,Structural Member,Wall stud,No Treatment Recorded,Good,Critical Information Missing,Yes,No,Rustic,Rustic,Board Feedstock,Output,2025-08-16T18:01:00
M00710,B021,1075.2,Radiata Pine,Other,Shelving,No Treatment Recorded,Good,Complete,No,No,Character,Character,Higher-value Recovery,Output,2025-08-16T18:01:00
M00711,B021,1760.3,Messmate,Structural Member,Roof rafter,Unknown,Good,Complete,Yes,No,Feedstock,Feedstock,Board Feedstock,Output,2025-08-16T18:01:00
M00712,B021,1261.4,Spotted Gum,Beam,Racking beam,Known Treatment Recorded,Good,Complete,No,Yes,Premium,Feedstock,Special Handling,Output,2025-08-16T18:01:00
M00713,B021,712.6,Blackbutt,Post,Fence post,Unknown,Good,Complete,Yes,No,Character,Character,Higher-value Recovery,Output,2025-08-16T18:01:00
M00714,B021,1488.3,Mountain Ash,Flooring,Flooring strip,No Treatment Recorded,Good,Complete,No,Yes,Rustic,Feedstock,Special Handling,Output,2025-08-16T18:01:00
M00715,B021,1710.6,Oregon,Beam,Roof beam,Surface Coating Recorded,Good,Complete,No,No,Premium,Premium,Higher-value Recovery,Output,2025-08-16T18:01:00
M00716,B021,1992.6,Mountain Ash,Structural Member,Wall stud,No Treatment Recorded,Poor,Partial,No,No,Premium,Premium,Higher-value Recovery,Output,2025-08-16T18:01:00
M00717,B021,1403.7,Radiata Pine,Flooring,Flooring strip,Unknown,Fair,Complete,No,No,Rustic,Rustic,Board Feedstock,Output,2025-08-16T18:01:00
M00718,B021,1096.8,Unknown / Mixed,Cladding,Weatherboard,No Treatment Recorded,Fair,Complete,No,No,Character,Character,Higher-value Recovery,Output,2025-08-16T18:01:00
M00719,B021,178.7,Blackbutt,Structural Member,Wall stud,Surface Coating Recorded,Severely Degraded,Critical Information Missing,No,No,Feedstock,Feedstock,Residual / Disposal,Output,2025-08-16T18:01:00
M00720,B021,732.4,Radiata Pine,Board,Formwork board,Known Treatment Recorded,Good,Partial,Yes,No,Rustic,Rustic,Board Feedstock,Output,2025-08-16T18:01:00
M00721,B021,2331.8,Oregon,Structural Member,Roof rafter,Unknown,Good,Complete,No,No,Character,Character,Higher-value Recovery,Output,2025-08-16T18:01:00
M00722,B021,194.8,Messmate,Flooring,Flooring strip,No Treatment Recorded,Good,Partial,No,No,Rustic,Rustic,Board Feedstock,Output,2025-08-16T18:01:00
M00723,B021,2274.1,Mixed Hardwood,Flooring,Floor board,Known Treatment Recorded,Good,Complete,No,No,Character,Character,Higher-value Recovery,Output,2025-08-16T18:01:00
M00724,B021,2457.8,Mixed Hardwood,Beam,Roof beam,Adhesive / Composite Concern,Good,Complete,No,No,Character,Character,Higher-value Recovery,Output,2025-08-16T18:01:00
M00725,B021,2060.2,Messmate,Beam,Racking beam,Known Treatment Recorded,Good,Complete,No,No,Premium,Premium,Higher-value Recovery,Output,2025-08-16T18:01:00
M00726,B021,1323.6,Mixed Hardwood,Post,Fence post,No Treatment Recorded,Fair,Complete,No,No,Feedstock,Feedstock,Board Feedstock,Output,2025-08-16T18:01:00
M00727,B021,200.0,Mountain Ash,Board,Dunnage,No Treatment Recorded,Good,Critical Information Missing,Yes,No,Feedstock,Feedstock,Board Feedstock,Output,2025-08-16T18:01:00
M00728,B021,129.5,Sydney Blue Gum,Board,Fence palings,No Treatment Recorded,Good,Complete,Yes,No,Character,Character,Higher-value Recovery,Output,2025-08-16T18:01:00
M00729,B021,210.2,Sydney Blue Gum,Cladding,Cladding panel,No Treatment Recorded,Fair,Complete,No,No,Premium,Premium,Higher-value Recovery,Output,2025-08-16T18:01:00
M00730,B021,1371.1,Blackbutt,Structural Member,Roof rafter,Unknown,Fair,Complete,No,No,Rustic,Rustic,Board Feedstock,Output,2025-08-16T18:01:00
M00731,B021,85.3,Sydney Blue Gum,Board,Sawn board,No Treatment Recorded,Fair,Partial,No,No,Character,Character,Higher-value Recovery,Output,2025-08-16T18:01:00
M00732,B021,130.0,Mountain Ash,Board,Dunnage,No Treatment Recorded,Good,Partial,No,No,Feedstock,Feedstock,Board Feedstock,Output,2025-08-16T18:01:00
M00733,B021,205.6,Unknown / Mixed,Mixed Salvage,Mixed salvage lot,No Treatment Recorded,Fair,Complete,No,No,Feedstock,Feedstock,Board Feedstock,Output,2025-08-16T18:01:00
M00734,B021,322.1,Unknown / Mixed,Board,Formwork board,Surface Coating Recorded,Good,Partial,Yes,No,Feedstock,Feedstock,Board Feedstock,Output,2025-08-16T18:01:00
M00735,B021,1755.4,Mixed Hardwood,Beam,Racking beam,No Treatment Recorded,Good,Complete,Yes,No,Premium,Premium,Higher-value Recovery,Output,2025-08-16T18:01:00
M00736,B021,193.2,Cypress Pine,Post,Structural post,No Treatment Recorded,Fair,Partial,No,No,Feedstock,Feedstock,Board Feedstock,Output,2025-08-16T18:01:00
M00737,B021,760.3,Messmate,Board,Fence palings,Unknown,Fair,Complete,Yes,No,Premium,Premium,Higher-value Recovery,Output,2025-08-16T18:01:00
M00738,B021,187.2,Messmate,Cladding,Cladding panel,Conflicting Record,Good,Critical Information Missing,No,No,Rustic,Rustic,Board Feedstock,Output,2025-08-16T18:01:00
M00739,B021,2716.7,Messmate,Structural Member,Roof rafter,Unknown,Poor,Partial,No,No,Rustic,Rustic,Board Feedstock,Output,2025-08-16T18:01:00
M00740,B021,208.6,Cypress Pine,Flooring,Decking board,Known Treatment Recorded,Good,Partial,No,No,Feedstock,Feedstock,Board Feedstock,Output,2025-08-16T18:01:00
M00741,B021,212.6,Unknown / Mixed,Mixed Salvage,Mixed salvage lot,Surface Coating Recorded,Severely Degraded,Complete,No,No,Feedstock,Feedstock,Residual / Disposal,Output,2025-08-16T18:01:00
M00742,B021,109.2,Sydney Blue Gum,Flooring,Decking board,No Treatment Recorded,Fair,Partial,No,No,Premium,Premium,Higher-value Recovery,Output,2025-08-16T18:01:00
M00743,B021,1574.2,Blackbutt,Structural Member,Roof rafter,No Treatment Recorded,Good,Partial,No,No,Rustic,Rustic,Board Feedstock,Output,2025-08-16T18:01:00
M00744,B021,1377.7,Cypress Pine,Board,Fence palings,Unknown,Good,Critical Information Missing,Yes,No,Premium,Premium,Higher-value Recovery,Output,2025-08-16T18:01:00
M00745,B021,1317.7,Radiata Pine,Structural Member,Purlin,No Treatment Recorded,Good,Partial,No,No,Feedstock,Feedstock,Board Feedstock,Output,2025-08-16T18:01:00
M00746,B021,205.9,Unknown / Mixed,Post,Verandah post,No Treatment Recorded,Good,Critical Information Missing,No,No,Rustic,Rustic,Board Feedstock,Output,2025-08-16T18:01:00
M00747,B021,2306.0,Messmate,Other,Shelving,Adhesive / Composite Concern,Good,Critical Information Missing,No,Yes,Character,Feedstock,Special Handling,Output,2025-08-16T18:01:00
M00748,B021,68.4,Unknown / Mixed,Post,Fence post,Adhesive / Composite Concern,Good,Complete,No,No,Rustic,Rustic,Board Feedstock,Output,2025-08-16T18:01:00
M00749,B021,1351.7,Unknown / Mixed,Structural Member,Roof rafter,Known Treatment Recorded,Fair,Complete,No,No,Character,Character,Higher-value Recovery,Output,2025-08-16T18:01:00
M00750,B021,1313.3,Sydney Blue Gum,Board,Sawn board,Conflicting Record,Good,Complete,No,No,Premium,Premium,Higher-value Recovery,Output,2025-08-16T18:01:00
M00751,B021,265.6,Mixed Hardwood,Post,Verandah post,No Treatment Recorded,Poor,Complete,No,No,Rustic,Rustic,Board Feedstock,Output,2025-08-16T18:01:00
M00752,B022,2417.5,Mixed Hardwood,Cladding,Fascia board,No Treatment Recorded,Good,Complete,Yes,No,Premium,Premium,Higher-value Recovery,Output,2025-08-22T22:41:00
M00753,B022,1696.7,Radiata Pine,Cladding,Cladding panel,No Treatment Recorded,Good,Complete,No,No,Rustic,Character,Higher-value Recovery,Output,2025-08-22T22:41:00
M00754,B022,269.7,Unknown / Mixed,Beam,Roof beam,Known Treatment Recorded,Good,Complete,Yes,No,Feedstock,Feedstock,Board Feedstock,Output,2025-08-22T22:41:00
M00755,B022,1932.0,Mixed Hardwood,Beam,Portal frame member,No Treatment Recorded,Fair,Critical Information Missing,No,No,Character,Character,Higher-value Recovery,Output,2025-08-22T22:41:00
M00756,B022,961.0,Sydney Blue Gum,Flooring,Flooring strip,Surface Coating Recorded,Fair,Complete,No,No,Premium,Premium,Higher-value Recovery,Output,2025-08-22T22:41:00
M00757,B022,537.2,Blackbutt,Board,Dunnage,No Treatment Recorded,Good,Complete,No,No,Character,Character,Higher-value Recovery,Output,2025-08-22T22:41:00
M00758,B022,86.6,Messmate,Cladding,Fascia board,Known Treatment Recorded,Good,Complete,No,No,Premium,Premium,Higher-value Recovery,Output,2025-08-22T22:41:00
M00759,B022,535.1,Mountain Ash,Beam,Racking beam,No Treatment Recorded,Good,Complete,No,No,Rustic,Rustic,Board Feedstock,Output,2025-08-22T22:41:00
M00760,B022,795.1,Spotted Gum,Beam,Racking beam,Known Treatment Recorded,Good,Complete,No,No,Premium,Premium,Higher-value Recovery,Output,2025-08-22T22:41:00
M00761,B022,1798.6,Spotted Gum,Flooring,Flooring strip,No Treatment Recorded,Fair,Complete,No,No,Premium,Premium,Higher-value Recovery,Output,2025-08-22T22:41:00
M00762,B022,2257.9,Radiata Pine,Structural Member,Roof rafter,Known Treatment Recorded,Fair,Complete,No,No,Character,Character,Higher-value Recovery,Output,2025-08-22T22:41:00
M00763,B022,159.7,Mixed Hardwood,Mixed Salvage,Assorted recovered timber,No Treatment Recorded,Good,Complete,No,No,Rustic,Rustic,Board Feedstock,Output,2025-08-22T22:41:00
M00764,B022,1275.9,Sydney Blue Gum,Mixed Salvage,Assorted recovered timber,Known Treatment Recorded,Good,Complete,No,No,Feedstock,Feedstock,Board Feedstock,Output,2025-08-22T22:41:00
M00765,B022,187.1,Mountain Ash,Beam,Racking beam,Unknown,Good,Complete,Yes,No,Character,Character,Higher-value Recovery,Output,2025-08-22T22:41:00
M00766,B022,198.2,Blackbutt,Structural Member,Truss member,Known Treatment Recorded,Poor,Complete,No,No,Character,Character,Higher-value Recovery,Output,2025-08-22T22:41:00
M00767,B022,503.9,Cypress Pine,Beam,Racking beam,No Treatment Recorded,Fair,Partial,Yes,No,Feedstock,Feedstock,Board Feedstock,Output,2025-08-22T22:41:00
M00768,B022,639.4,Oregon,Cladding,Weatherboard,Known Treatment Recorded,Good,Complete,No,No,Character,Character,Higher-value Recovery,Output,2025-08-22T22:41:00
M00769,B022,201.7,Unknown / Mixed,Beam,Portal frame member,No Treatment Recorded,Good,Complete,No,No,Feedstock,Feedstock,Board Feedstock,Output,2025-08-22T22:41:00
M00770,B022,1141.4,Mixed Hardwood,Board,Fence palings,No Treatment Recorded,Fair,Complete,No,No,Premium,Premium,Higher-value Recovery,Output,2025-08-22T22:41:00
M00771,B022,1259.8,Radiata Pine,Beam,Racking beam,Known Treatment Recorded,Good,Complete,No,No,Premium,Premium,Higher-value Recovery,Output,2025-08-22T22:41:00
M00772,B022,1874.5,Blackbutt,Board,Sawn board,Unknown,Fair,Complete,No,No,Character,Character,Higher-value Recovery,Output,2025-08-22T22:41:00
M00773,B022,1112.3,Cypress Pine,Mixed Salvage,Assorted recovered timber,No Treatment Recorded,Good,Complete,No,No,Feedstock,Feedstock,Board Feedstock,Output,2025-08-22T22:41:00
M00774,B022,971.5,Sydney Blue Gum,Board,Dunnage,Surface Coating Recorded,Good,Complete,No,No,Premium,Premium,Higher-value Recovery,Output,2025-08-22T22:41:00
M00775,B022,145.7,Sydney Blue Gum,Structural Member,Wall stud,No Treatment Recorded,Good,Complete,No,No,Feedstock,Feedstock,Board Feedstock,Output,2025-08-22T22:41:00
M00776,B022,182.1,Blackbutt,Structural Member,Roof rafter,No Treatment Recorded,Fair,Complete,No,No,Character,Character,Higher-value Recovery,Output,2025-08-22T22:41:00
M00777,B022,689.5,Mountain Ash,Flooring,Decking board,Known Treatment Recorded,Good,Complete,No,No,Character,Character,Higher-value Recovery,Output,2025-08-22T22:41:00
M00778,B022,2510.4,Unknown / Mixed,Beam,Portal frame member,No Treatment Recorded,Good,Complete,No,No,Premium,Premium,Higher-value Recovery,Output,2025-08-22T22:41:00
M00779,B022,1881.5,Spotted Gum,Post,Verandah post,Known Treatment Recorded,Fair,Partial,Yes,No,Premium,Premium,Higher-value Recovery,Output,2025-08-22T22:41:00
M00780,B022,2190.9,Messmate,Cladding,Weatherboard,No Treatment Recorded,Good,Complete,No,No,Rustic,Rustic,Board Feedstock,Output,2025-08-22T22:41:00
M00781,B022,171.1,Sydney Blue Gum,Post,Fence post,Surface Coating Recorded,Good,Complete,No,No,Premium,Premium,Higher-value Recovery,Output,2025-08-22T22:41:00
M00782,B022,455.4,Mountain Ash,Beam,Racking beam,Known Treatment Recorded,Good,Complete,No,No,Character,Character,Higher-value Recovery,Output,2025-08-22T22:41:00
M00783,B022,90.0,Spotted Gum,Beam,Roof beam,Unknown,Good,Complete,Yes,No,Rustic,Rustic,Board Feedstock,Output,2025-08-22T22:41:00
M00784,B022,198.8,Mixed Hardwood,Beam,Racking beam,No Treatment Recorded,Fair,Critical Information Missing,No,No,Character,Character,Higher-value Recovery,Output,2025-08-22T22:41:00
M00785,B022,103.4,Blackbutt,Beam,Floor joist,No Treatment Recorded,Fair,Partial,No,No,Premium,Premium,Higher-value Recovery,Output,2025-08-22T22:41:00
M00786,B022,1718.1,Messmate,Structural Member,Purlin,No Treatment Recorded,Good,Complete,No,No,Character,Character,Higher-value Recovery,Output,2025-08-22T22:41:00
M00787,B022,1119.4,Radiata Pine,Structural Member,Purlin,No Treatment Recorded,Good,Partial,No,No,Premium,Premium,Higher-value Recovery,Output,2025-08-22T22:41:00
M00788,B022,985.4,Spotted Gum,Post,Verandah post,No Treatment Recorded,Good,Complete,No,No,Premium,Premium,Higher-value Recovery,Output,2025-08-22T22:41:00
M00789,B022,874.7,Cypress Pine,Board,Dunnage,Surface Coating Recorded,Good,Partial,Yes,No,Rustic,Rustic,Board Feedstock,Output,2025-08-22T22:41:00
M00790,B022,83.1,Spotted Gum,Beam,Racking beam,Known Treatment Recorded,Fair,Complete,No,No,Premium,Premium,Higher-value Recovery,Output,2025-08-22T22:41:00
M00791,B022,1055.6,Mixed Hardwood,Cladding,Weatherboard,Known Treatment Recorded,Good,Complete,No,No,Character,Character,Higher-value Recovery,Output,2025-08-22T22:41:00
M00792,B022,943.9,Ironbark,Other,Shelving,Known Treatment Recorded,Good,Complete,No,No,Feedstock,Feedstock,Board Feedstock,Output,2025-08-22T22:41:00
M00793,B022,787.5,Mixed Hardwood,Structural Member,Wall stud,No Treatment Recorded,Good,Complete,No,No,Premium,Premium,Higher-value Recovery,Output,2025-08-22T22:41:00
M00794,B022,1238.7,Ironbark,Structural Member,Wall stud,Surface Coating Recorded,Good,Complete,No,No,Rustic,Rustic,Board Feedstock,Output,2025-08-22T22:41:00
M00795,B022,1283.1,Messmate,Structural Member,Roof rafter,No Treatment Recorded,Fair,Complete,No,No,Character,Character,Higher-value Recovery,Output,2025-08-22T22:41:00
M00796,B022,278.9,Unknown / Mixed,Post,Verandah post,Known Treatment Recorded,Fair,Partial,No,No,Feedstock,Feedstock,Board Feedstock,Output,2025-08-22T22:41:00
M00797,B023,2571.5,Oregon,Structural Member,Roof rafter,Adhesive / Composite Concern,Poor,Partial,No,No,Feedstock,Rustic,Board Feedstock,Output,2025-09-09T14:14:00
M00798,B023,217.4,Oregon,Board,Dunnage,Adhesive / Composite Concern,Severely Degraded,Complete,No,No,Feedstock,Feedstock,Residual / Disposal,Output,2025-09-09T14:14:00
M00799,B023,802.9,Oregon,Cladding,Cladding panel,No Treatment Recorded,Poor,Complete,Yes,No,Feedstock,Rustic,Board Feedstock,Output,2025-09-09T14:14:00
M00800,B023,326.6,Messmate,Mixed Salvage,Assorted recovered timber,Unknown,Poor,Partial,No,No,Feedstock,Feedstock,Board Feedstock,Output,2025-09-09T14:14:00
M00801,B023,387.8,Unknown / Mixed,Structural Member,Purlin,No Treatment Recorded,Poor,Critical Information Missing,Yes,No,Rustic,Rustic,Board Feedstock,Output,2025-09-09T14:14:00
M00802,B023,274.4,Cypress Pine,Mixed Salvage,Mixed salvage lot,Adhesive / Composite Concern,Fair,Complete,No,Yes,Rustic,Feedstock,Special Handling,Output,2025-09-09T14:14:00
M00803,B023,997.8,Oregon,Board,Fence palings,Unknown,Severely Degraded,Critical Information Missing,No,No,Rustic,Character,Higher-value Recovery,Output,2025-09-09T14:14:00
M00804,B023,232.2,Unknown / Mixed,Structural Member,Truss member,Unknown,Fair,Critical Information Missing,Yes,No,Rustic,Character,Higher-value Recovery,Output,2025-09-09T14:14:00
M00805,B023,2170.2,Oregon,Board,Formwork board,Unknown,Severely Degraded,Complete,Yes,No,Feedstock,Feedstock,Residual / Disposal,Output,2025-09-09T14:14:00
M00806,B023,325.1,Spotted Gum,Post,Fence post,Unknown,Fair,Complete,No,No,Feedstock,Feedstock,Board Feedstock,Output,2025-09-09T14:14:00
M00807,B023,1161.0,Oregon,Board,Dunnage,No Treatment Recorded,Severely Degraded,Partial,Yes,No,Rustic,Character,Higher-value Recovery,Output,2025-09-09T14:14:00
M00808,B023,426.9,Unknown / Mixed,Flooring,Decking board,Known Treatment Recorded,Fair,Complete,No,No,Rustic,Premium,Higher-value Recovery,Output,2025-09-09T14:14:00
M00809,B023,3328.0,Oregon,Board,Dunnage,Unknown,Severely Degraded,Complete,Yes,Yes,Feedstock,Feedstock,Special Handling,Output,2025-09-09T14:14:00
M00810,B023,881.7,Cypress Pine,Structural Member,Truss member,Unknown,Poor,Complete,No,No,Feedstock,Feedstock,Board Feedstock,Output,2025-09-09T14:14:00
M00811,B023,3064.3,Oregon,Structural Member,Truss member,No Treatment Recorded,Poor,Complete,Yes,Yes,Feedstock,Feedstock,Special Handling,Output,2025-09-09T14:14:00
M00812,B023,776.8,Unknown / Mixed,Mixed Salvage,Mixed salvage lot,Unknown,Good,Critical Information Missing,Yes,No,Feedstock,Feedstock,Board Feedstock,Output,2025-09-09T14:14:00
M00813,B023,137.5,Cypress Pine,Mixed Salvage,Mixed salvage lot,Unknown,Poor,Complete,Yes,No,Feedstock,Feedstock,Board Feedstock,Output,2025-09-09T14:14:00
M00814,B023,612.7,Cypress Pine,Structural Member,Truss member,Known Treatment Recorded,Poor,Partial,No,No,Feedstock,Feedstock,Board Feedstock,Output,2025-09-09T14:14:00
M00815,B023,692.1,Radiata Pine,Cladding,Weatherboard,Unknown,Poor,Partial,Yes,No,Feedstock,Character,Higher-value Recovery,Output,2025-09-09T14:14:00
M00816,B023,524.0,Radiata Pine,Post,Structural post,Conflicting Record,Fair,Complete,No,No,Rustic,Character,Higher-value Recovery,Output,2025-09-09T14:14:00
M00817,B023,414.6,Unknown / Mixed,Post,Structural post,Surface Coating Recorded,Fair,Complete,No,No,Rustic,Rustic,Board Feedstock,Output,2025-09-09T14:14:00
M00818,B023,1260.7,Radiata Pine,Structural Member,Truss member,Adhesive / Composite Concern,Severely Degraded,Complete,Yes,No,Feedstock,Feedstock,Residual / Disposal,Output,2025-09-09T14:14:00
M00819,B023,1375.3,Unknown / Mixed,Board,Sawn board,Unknown,Poor,Partial,Yes,No,Feedstock,Feedstock,Board Feedstock,Output,2025-09-09T14:14:00
M00820,B023,355.8,Radiata Pine,Post,Structural post,No Treatment Recorded,Poor,Partial,Yes,No,Feedstock,Feedstock,Board Feedstock,Output,2025-09-09T14:14:00
M00821,B023,1001.7,Spotted Gum,Structural Member,Purlin,Adhesive / Composite Concern,Severely Degraded,Critical Information Missing,Yes,No,Premium,Premium,Higher-value Recovery,Output,2025-09-09T14:14:00
M00822,B023,901.8,Cypress Pine,Beam,Floor joist,Surface Coating Recorded,Poor,Critical Information Missing,No,No,Character,Character,Higher-value Recovery,Output,2025-09-09T14:14:00
M00823,B023,1009.2,Unknown / Mixed,Board,Dunnage,Conflicting Record,Poor,Partial,No,No,Rustic,Rustic,Board Feedstock,Output,2025-09-09T14:14:00
M00824,B023,448.8,Oregon,Board,Sawn board,Surface Coating Recorded,Severely Degraded,Partial,No,No,Feedstock,Feedstock,Residual / Disposal,Output,2025-09-09T14:14:00
M00825,B023,619.3,Cypress Pine,Mixed Salvage,Assorted recovered timber,Surface Coating Recorded,Poor,Partial,No,No,Character,Character,Higher-value Recovery,Output,2025-09-09T14:14:00
M00826,B023,630.5,Oregon,Cladding,Cladding panel,No Treatment Recorded,Severely Degraded,Partial,Yes,No,Feedstock,Feedstock,Residual / Disposal,Output,2025-09-09T14:14:00
M00827,B023,271.4,Radiata Pine,Beam,Floor joist,Conflicting Record,Fair,Complete,No,No,Rustic,Rustic,Board Feedstock,Output,2025-09-09T14:14:00
M00828,B024,805.5,Oregon,Board,Fence palings,Surface Coating Recorded,Fair,Complete,No,No,Character,Character,Higher-value Recovery,Output,2025-09-16T11:19:00
M00829,B024,115.6,Radiata Pine,Structural Member,Truss member,Surface Coating Recorded,Good,Complete,No,No,Character,Premium,Higher-value Recovery,Output,2025-09-16T11:19:00
M00830,B024,369.7,Unknown / Mixed,Board,Dunnage,Unknown,Good,Complete,Yes,No,Rustic,Rustic,Board Feedstock,Output,2025-09-16T11:19:00
M00831,B024,299.5,Unknown / Mixed,Board,Fence palings,Conflicting Record,Poor,Complete,No,No,Feedstock,Feedstock,Board Feedstock,Output,2025-09-16T11:19:00
M00832,B024,2359.1,Mixed Hardwood,Flooring,Floor board,Known Treatment Recorded,Fair,Partial,No,No,Rustic,Rustic,Board Feedstock,Output,2025-09-16T11:19:00
M00833,B024,97.7,Radiata Pine,Beam,Roof beam,No Treatment Recorded,Good,Complete,No,No,Rustic,Rustic,Board Feedstock,Output,2025-09-16T11:19:00
M00834,B024,129.7,Cypress Pine,Beam,Floor joist,No Treatment Recorded,Good,Complete,No,No,Rustic,Rustic,Board Feedstock,Output,2025-09-16T11:19:00
M00835,B024,243.8,Oregon,Other,Miscellaneous timber,Unknown,Poor,Complete,No,No,Rustic,Rustic,Board Feedstock,Output,2025-09-16T11:19:00
M00836,B024,133.7,Oregon,Other,Shelving,Known Treatment Recorded,Fair,Partial,No,No,Rustic,Rustic,Board Feedstock,Output,2025-09-16T11:19:00
M00837,B024,1353.6,Cypress Pine,Structural Member,Roof rafter,Surface Coating Recorded,Good,Partial,No,No,Feedstock,Feedstock,Board Feedstock,Output,2025-09-16T11:19:00
M00838,B024,185.8,Blackbutt,Flooring,Decking board,Known Treatment Recorded,Poor,Complete,Yes,No,Feedstock,Feedstock,Board Feedstock,Output,2025-09-16T11:19:00
M00839,B024,1433.5,Oregon,Other,Joinery offcut,Surface Coating Recorded,Fair,Complete,No,No,Character,Premium,Higher-value Recovery,Output,2025-09-16T11:19:00
M00840,B024,2847.3,Radiata Pine,Cladding,Cladding panel,Known Treatment Recorded,Fair,Complete,No,No,Premium,Premium,Higher-value Recovery,Output,2025-09-16T11:19:00
M00841,B024,539.6,Unknown / Mixed,Flooring,Floor board,Surface Coating Recorded,Poor,Critical Information Missing,No,No,Character,Character,Higher-value Recovery,Output,2025-09-16T11:19:00
M00842,B024,883.4,Oregon,Board,Formwork board,Known Treatment Recorded,Fair,Partial,No,No,Feedstock,Feedstock,Board Feedstock,Output,2025-09-16T11:19:00
M00843,B024,1445.7,Sydney Blue Gum,Board,Sawn board,Unknown,Poor,Critical Information Missing,Yes,No,Feedstock,Feedstock,Board Feedstock,Output,2025-09-16T11:19:00
M00844,B024,1612.0,Messmate,Flooring,Floor board,Adhesive / Composite Concern,Fair,Complete,Yes,No,Feedstock,Feedstock,Board Feedstock,Output,2025-09-16T11:19:00
M00845,B024,398.9,Sydney Blue Gum,Beam,Portal frame member,No Treatment Recorded,Poor,Complete,No,No,Rustic,Rustic,Board Feedstock,Output,2025-09-16T11:19:00
M00846,B024,221.3,Unknown / Mixed,Beam,Portal frame member,No Treatment Recorded,Poor,Complete,No,No,Rustic,Rustic,Board Feedstock,Output,2025-09-16T11:19:00
M00847,B024,1350.0,Radiata Pine,Beam,Racking beam,No Treatment Recorded,Good,Critical Information Missing,Yes,No,Rustic,Rustic,Board Feedstock,Output,2025-09-16T11:19:00
M00848,B024,1068.2,Ironbark,Mixed Salvage,Mixed salvage lot,Unknown,Fair,Complete,No,No,Premium,Premium,Higher-value Recovery,Output,2025-09-16T11:19:00
M00849,B024,256.7,Oregon,Board,Dunnage,Surface Coating Recorded,Fair,Critical Information Missing,No,No,Rustic,Rustic,Board Feedstock,Output,2025-09-16T11:19:00
M00850,B024,468.5,Blackbutt,Cladding,Fascia board,Surface Coating Recorded,Fair,Complete,No,No,Character,Premium,Higher-value Recovery,Output,2025-09-16T11:19:00
M00851,B024,203.0,Oregon,Board,Formwork board,Known Treatment Recorded,Poor,Critical Information Missing,Yes,No,Feedstock,Feedstock,Board Feedstock,Output,2025-09-16T11:19:00
M00852,B024,1720.3,Unknown / Mixed,Structural Member,Wall stud,No Treatment Recorded,Fair,Partial,No,No,Feedstock,Feedstock,Board Feedstock,Output,2025-09-16T11:19:00
M00853,B024,165.1,Radiata Pine,Structural Member,Purlin,Surface Coating Recorded,Poor,Partial,Yes,Yes,Rustic,Feedstock,Special Handling,Output,2025-09-16T11:19:00
M00854,B024,408.8,Oregon,Post,Structural post,No Treatment Recorded,Fair,Partial,No,No,Feedstock,Feedstock,Board Feedstock,Output,2025-09-16T11:19:00
M00855,B024,314.5,Cypress Pine,Beam,Racking beam,No Treatment Recorded,Good,Complete,No,No,Character,Character,Higher-value Recovery,Output,2025-09-16T11:19:00
M00856,B024,296.4,Sydney Blue Gum,Board,Dunnage,No Treatment Recorded,Fair,Complete,No,No,Feedstock,Feedstock,Board Feedstock,Output,2025-09-16T11:19:00
M00857,B024,2915.0,Unknown / Mixed,Board,Sawn board,Conflicting Record,Good,Complete,No,No,Rustic,Rustic,Board Feedstock,Output,2025-09-16T11:19:00
M00858,B024,678.6,Mixed Hardwood,Beam,Racking beam,Known Treatment Recorded,Fair,Partial,No,No,Feedstock,Feedstock,Board Feedstock,Output,2025-09-16T11:19:00
M00859,B024,535.9,Unknown / Mixed,Beam,Racking beam,No Treatment Recorded,Fair,Complete,No,No,Rustic,Rustic,Board Feedstock,Output,2025-09-16T11:19:00
M00860,B024,3698.6,Spotted Gum,Post,Fence post,Unknown,Fair,Complete,Yes,No,Feedstock,Feedstock,Board Feedstock,Output,2025-09-16T11:19:00
M00861,B024,1051.5,Radiata Pine,Structural Member,Truss member,Adhesive / Composite Concern,Severely Degraded,Complete,Yes,Yes,Character,Feedstock,Special Handling,Output,2025-09-16T11:19:00
M00862,B024,2549.6,Unknown / Mixed,Mixed Salvage,Mixed salvage lot,No Treatment Recorded,Good,Complete,No,No,Character,Character,Higher-value Recovery,Output,2025-09-16T11:19:00
M00863,B024,1083.6,Spotted Gum,Board,Dunnage,Known Treatment Recorded,Fair,Partial,No,No,Feedstock,Feedstock,Board Feedstock,Output,2025-09-16T11:19:00
M00864,B024,337.8,Unknown / Mixed,Board,Sawn board,No Treatment Recorded,Severely Degraded,Partial,No,No,Rustic,Feedstock,Residual / Disposal,Output,2025-09-16T11:19:00
M00865,B024,422.5,Cypress Pine,Board,Fence palings,Surface Coating Recorded,Fair,Complete,No,No,Feedstock,Feedstock,Board Feedstock,Output,2025-09-16T11:19:00
M00866,B025,791.1,Radiata Pine,Board,Formwork board,Conflicting Record,Fair,Partial,No,No,Premium,Premium,Higher-value Recovery,Output,2025-09-27T20:38:00
M00867,B025,1608.7,Oregon,Structural Member,Purlin,Unknown,Poor,Complete,Yes,No,Character,Character,Higher-value Recovery,Output,2025-09-27T20:38:00
M00868,B025,1611.8,Cypress Pine,Board,Fence palings,Conflicting Record,Fair,Partial,Yes,No,Premium,Premium,Higher-value Recovery,Output,2025-09-27T20:38:00
M00869,B025,462.8,Mixed Hardwood,Flooring,Decking board,Known Treatment Recorded,Fair,Complete,Yes,No,Feedstock,Feedstock,Board Feedstock,Output,2025-09-27T20:38:00
M00870,B025,1202.1,Unknown / Mixed,Flooring,Decking board,No Treatment Recorded,Fair,Complete,Yes,No,Character,Premium,Higher-value Recovery,Output,2025-09-27T20:38:00
M00871,B025,1252.0,Oregon,Beam,Racking beam,No Treatment Recorded,Poor,Complete,No,No,Character,Character,Higher-value Recovery,Output,2025-09-27T20:38:00
M00872,B025,3650.9,Mixed Hardwood,Structural Member,Roof rafter,Conflicting Record,Fair,Complete,Yes,No,Premium,Premium,Higher-value Recovery,Output,2025-09-27T20:38:00
M00873,B025,209.3,Blackbutt,Board,Formwork board,No Treatment Recorded,Fair,Complete,Yes,No,Character,Character,Higher-value Recovery,Output,2025-09-27T20:38:00
M00874,B025,1600.3,Oregon,Structural Member,Purlin,No Treatment Recorded,Good,Complete,No,No,Premium,Premium,Higher-value Recovery,Output,2025-09-27T20:38:00
M00875,B025,84.7,Unknown / Mixed,Structural Member,Wall stud,Surface Coating Recorded,Fair,Partial,No,No,Character,Character,Higher-value Recovery,Output,2025-09-27T20:38:00
M00876,B025,412.2,Cypress Pine,Post,Structural post,Known Treatment Recorded,Good,Complete,No,No,Feedstock,Feedstock,Board Feedstock,Output,2025-09-27T20:38:00
M00877,B025,706.3,Mixed Hardwood,Beam,Floor joist,Conflicting Record,Fair,Complete,Yes,No,Character,Character,Higher-value Recovery,Output,2025-09-27T20:38:00
M00878,B025,228.1,Ironbark,Beam,Portal frame member,No Treatment Recorded,Good,Complete,No,No,Feedstock,Feedstock,Board Feedstock,Output,2025-09-27T20:38:00
M00879,B025,3109.6,Sydney Blue Gum,Cladding,Weatherboard,No Treatment Recorded,Poor,Critical Information Missing,No,No,Premium,Premium,Higher-value Recovery,Output,2025-09-27T20:38:00
M00880,B025,946.8,Mixed Hardwood,Other,Miscellaneous timber,Known Treatment Recorded,Fair,Complete,No,No,Character,Character,Higher-value Recovery,Output,2025-09-27T20:38:00
M00881,B025,1589.8,Ironbark,Beam,Roof beam,Unknown,Poor,Complete,Yes,No,Rustic,Rustic,Board Feedstock,Output,2025-09-27T20:38:00
M00882,B025,2917.8,Radiata Pine,Beam,Floor joist,Unknown,Good,Complete,Yes,No,Feedstock,Feedstock,Board Feedstock,Output,2025-09-27T20:38:00
M00883,B025,102.1,Mixed Hardwood,Beam,Roof beam,No Treatment Recorded,Poor,Complete,Yes,No,Feedstock,Feedstock,Board Feedstock,Output,2025-09-27T20:38:00
M00884,B025,1734.0,Oregon,Other,Shelving,Unknown,Poor,Critical Information Missing,No,No,Feedstock,Feedstock,Board Feedstock,Output,2025-09-27T20:38:00
M00885,B025,1387.7,Radiata Pine,Beam,Portal frame member,No Treatment Recorded,Fair,Critical Information Missing,No,No,Character,Character,Higher-value Recovery,Output,2025-09-27T20:38:00
M00886,B025,316.5,Ironbark,Post,Verandah post,No Treatment Recorded,Good,Complete,Yes,Yes,Premium,Feedstock,Special Handling,Output,2025-09-27T20:38:00
M00887,B025,1535.4,Ironbark,Board,Sawn board,Known Treatment Recorded,Fair,Partial,Yes,No,Premium,Premium,Higher-value Recovery,Output,2025-09-27T20:38:00
M00888,B025,409.2,Messmate,Board,Dunnage,Unknown,Fair,Complete,Yes,No,Rustic,Rustic,Board Feedstock,Output,2025-09-27T20:38:00
M00889,B025,276.7,Ironbark,Beam,Racking beam,Unknown,Poor,Complete,Yes,No,Feedstock,Feedstock,Board Feedstock,Output,2025-09-27T20:38:00
M00890,B025,238.0,Ironbark,Board,Formwork board,Unknown,Fair,Partial,Yes,No,Premium,Premium,Higher-value Recovery,Output,2025-09-27T20:38:00
M00891,B025,1877.0,Mixed Hardwood,Cladding,Cladding panel,No Treatment Recorded,Fair,Complete,No,No,Premium,Premium,Higher-value Recovery,Output,2025-09-27T20:38:00
M00892,B025,278.0,Unknown / Mixed,Other,Joinery offcut,Surface Coating Recorded,Good,Partial,No,No,Feedstock,Feedstock,Board Feedstock,Output,2025-09-27T20:38:00
M00893,B025,206.9,Ironbark,Flooring,Floor board,No Treatment Recorded,Good,Complete,No,No,Premium,Premium,Higher-value Recovery,Output,2025-09-27T20:38:00
M00894,B025,322.1,Messmate,Board,Sawn board,Unknown,Good,Partial,Yes,No,Rustic,Rustic,Board Feedstock,Output,2025-09-27T20:38:00
M00895,B025,389.3,Ironbark,Board,Formwork board,No Treatment Recorded,Poor,Critical Information Missing,Yes,No,Premium,Premium,Higher-value Recovery,Output,2025-09-27T20:38:00
M00896,B025,306.8,Radiata Pine,Post,Verandah post,No Treatment Recorded,Good,Partial,No,No,Rustic,Premium,Higher-value Recovery,Output,2025-09-27T20:38:00
M00897,B025,3539.2,Sydney Blue Gum,Board,Sawn board,No Treatment Recorded,Good,Complete,No,No,Premium,Premium,Higher-value Recovery,Output,2025-09-27T20:38:00
M00898,B025,250.8,Oregon,Post,Structural post,Known Treatment Recorded,Good,Critical Information Missing,Yes,No,Character,Character,Higher-value Recovery,Output,2025-09-27T20:38:00
M00899,B025,1746.0,Ironbark,Board,Sawn board,Surface Coating Recorded,Good,Complete,No,No,Premium,Premium,Higher-value Recovery,Output,2025-09-27T20:38:00
M00900,B026,987.7,Cypress Pine,Beam,Portal frame member,Known Treatment Recorded,Poor,Complete,Yes,Yes,Character,Feedstock,Special Handling,Output,2025-10-02T00:31:00
M00901,B026,2403.3,Unknown / Mixed,Mixed Salvage,Assorted recovered timber,No Treatment Recorded,Fair,Critical Information Missing,No,No,Character,Character,Higher-value Recovery,Output,2025-10-02T00:31:00
M00902,B026,730.2,Mountain Ash,Beam,Floor joist,Conflicting Record,Fair,Critical Information Missing,No,No,Character,Character,Higher-value Recovery,Output,2025-10-02T00:31:00
M00903,B026,700.2,Oregon,Board,Fence palings,Surface Coating Recorded,Poor,Critical Information Missing,No,No,Character,Character,Higher-value Recovery,Output,2025-10-02T00:31:00
M00904,B026,397.5,Blackbutt,Other,Joinery offcut,No Treatment Recorded,Fair,Critical Information Missing,No,No,Feedstock,Feedstock,Board Feedstock,Output,2025-10-02T00:31:00
M00905,B026,1364.7,Unknown / Mixed,Beam,Floor joist,Known Treatment Recorded,Severely Degraded,Complete,No,Yes,Feedstock,Feedstock,Special Handling,Output,2025-10-02T00:31:00
M00906,B026,368.3,Blackbutt,Structural Member,Purlin,No Treatment Recorded,Good,Complete,No,Yes,Premium,Feedstock,Special Handling,Output,2025-10-02T00:31:00
M00907,B026,785.4,Radiata Pine,Flooring,Floor board,No Treatment Recorded,Good,Critical Information Missing,No,Yes,Character,Feedstock,Special Handling,Output,2025-10-02T00:31:00
M00908,B026,190.3,Cypress Pine,Other,Miscellaneous timber,No Treatment Recorded,Good,Critical Information Missing,Yes,Yes,Feedstock,Feedstock,Special Handling,Output,2025-10-02T00:31:00
M00909,B026,1261.2,Mixed Hardwood,Beam,Portal frame member,No Treatment Recorded,Good,Partial,No,Yes,Rustic,Feedstock,Special Handling,Output,2025-10-02T00:31:00
M00910,B026,312.4,Mixed Hardwood,Beam,Roof beam,Surface Coating Recorded,Good,Complete,No,No,Rustic,Rustic,Board Feedstock,Output,2025-10-02T00:31:00
M00911,B026,874.0,Blackbutt,Mixed Salvage,Mixed salvage lot,No Treatment Recorded,Fair,Complete,No,Yes,Character,Feedstock,Special Handling,Output,2025-10-02T00:31:00
M00912,B026,1833.2,Oregon,Board,Fence palings,No Treatment Recorded,Poor,Complete,No,Yes,Rustic,Feedstock,Special Handling,Output,2025-10-02T00:31:00
M00913,B026,578.5,Sydney Blue Gum,Structural Member,Wall stud,No Treatment Recorded,Poor,Critical Information Missing,Yes,Yes,Feedstock,Feedstock,Special Handling,Output,2025-10-02T00:31:00
M00914,B026,93.2,Oregon,Structural Member,Roof rafter,No Treatment Recorded,Good,Complete,No,Yes,Rustic,Feedstock,Special Handling,Output,2025-10-02T00:31:00
M00915,B026,366.1,Unknown / Mixed,Beam,Portal frame member,Known Treatment Recorded,Good,Critical Information Missing,Yes,No,Rustic,Rustic,Board Feedstock,Output,2025-10-02T00:31:00
M00916,B026,232.3,Messmate,Beam,Roof beam,Adhesive / Composite Concern,Good,Complete,No,No,Premium,Premium,Higher-value Recovery,Output,2025-10-02T00:31:00
M00917,B026,2922.3,Mixed Hardwood,Structural Member,Roof rafter,Known Treatment Recorded,Poor,Partial,Yes,No,Feedstock,Feedstock,Board Feedstock,Output,2025-10-02T00:31:00
M00918,B026,679.2,Blackbutt,Mixed Salvage,Mixed salvage lot,No Treatment Recorded,Poor,Critical Information Missing,Yes,Yes,Feedstock,Feedstock,Special Handling,Output,2025-10-02T00:31:00
M00919,B026,803.9,Oregon,Beam,Roof beam,Surface Coating Recorded,Poor,Complete,No,No,Rustic,Rustic,Board Feedstock,Output,2025-10-02T00:31:00
M00920,B026,130.1,Radiata Pine,Post,Structural post,Known Treatment Recorded,Fair,Partial,No,No,Rustic,Rustic,Board Feedstock,Output,2025-10-02T00:31:00
M00921,B026,585.9,Oregon,Beam,Racking beam,Surface Coating Recorded,Fair,Critical Information Missing,No,No,Rustic,Character,Higher-value Recovery,Output,2025-10-02T00:31:00
M00922,B026,1293.6,Radiata Pine,Mixed Salvage,Assorted recovered timber,Known Treatment Recorded,Fair,Partial,No,No,Rustic,Rustic,Board Feedstock,Output,2025-10-02T00:31:00
M00923,B026,1099.8,Sydney Blue Gum,Post,Structural post,Surface Coating Recorded,Fair,Partial,No,No,Rustic,Rustic,Board Feedstock,Output,2025-10-02T00:31:00
M00924,B026,2761.8,Spotted Gum,Mixed Salvage,Assorted recovered timber,No Treatment Recorded,Fair,Partial,Yes,Yes,Feedstock,Feedstock,Special Handling,Output,2025-10-02T00:31:00
M00925,B026,1187.9,Oregon,Beam,Floor joist,Adhesive / Composite Concern,Poor,Critical Information Missing,Yes,Yes,Feedstock,Feedstock,Special Handling,Output,2025-10-02T00:31:00
M00926,B026,140.1,Radiata Pine,Mixed Salvage,Mixed salvage lot,Adhesive / Composite Concern,Poor,Critical Information Missing,Yes,Yes,Character,Feedstock,Special Handling,Output,2025-10-02T00:31:00
M00927,B026,916.9,Unknown / Mixed,Post,Verandah post,Unknown,Fair,Partial,No,No,Feedstock,Feedstock,Board Feedstock,Output,2025-10-02T00:31:00
M00928,B027,1116.2,Cypress Pine,Beam,Racking beam,Unknown,Severely Degraded,Partial,Yes,No,Feedstock,Feedstock,Residual / Disposal,Pending Processing,N/A
M00929,B027,405.5,Oregon,Flooring,Decking board,Conflicting Record,Severely Degraded,Complete,Yes,No,Feedstock,Feedstock,Residual / Disposal,Pending Processing,N/A
M00930,B027,1042.6,Messmate,Post,Fence post,Conflicting Record,Poor,Partial,Yes,No,Feedstock,Feedstock,Board Feedstock,Pending Processing,N/A
M00931,B027,84.1,Spotted Gum,Cladding,Fascia board,No Treatment Recorded,Fair,Critical Information Missing,Yes,No,Premium,Premium,Higher-value Recovery,Pending Processing,N/A
M00932,B027,1774.1,Radiata Pine,Structural Member,Truss member,Adhesive / Composite Concern,Fair,Partial,Yes,No,Feedstock,Feedstock,Board Feedstock,Pending Processing,N/A
M00933,B027,233.9,Unknown / Mixed,Flooring,Flooring strip,Unknown,Fair,Critical Information Missing,Yes,No,Rustic,Rustic,Board Feedstock,Pending Processing,N/A
M00934,B027,3796.4,Unknown / Mixed,Mixed Salvage,Assorted recovered timber,Conflicting Record,Fair,Critical Information Missing,Yes,No,Feedstock,Unresolved,Unresolved,Unresolved,N/A
M00935,B027,528.1,Mountain Ash,Structural Member,Wall stud,Unknown,Poor,Critical Information Missing,Yes,No,Rustic,Rustic,Board Feedstock,Pending Processing,N/A
M00936,B027,90.5,Spotted Gum,Flooring,Floor board,Adhesive / Composite Concern,Fair,Partial,Yes,No,Premium,Unresolved,Unresolved,Unresolved,N/A
M00937,B027,380.3,Cypress Pine,Beam,Portal frame member,Adhesive / Composite Concern,Fair,Partial,Yes,No,Feedstock,Feedstock,Board Feedstock,Pending Processing,N/A
M00938,B027,1072.6,Oregon,Board,Fence palings,Adhesive / Composite Concern,Fair,Partial,Yes,Yes,Rustic,Rustic,Special Handling,Pending Processing,N/A
M00939,B027,527.0,Oregon,Structural Member,Roof rafter,Unknown,Good,Critical Information Missing,Yes,No,Rustic,Rustic,Board Feedstock,Pending Processing,N/A
M00940,B027,2237.7,Spotted Gum,Structural Member,Purlin,No Treatment Recorded,Fair,Complete,Yes,No,Feedstock,Feedstock,Board Feedstock,Pending Processing,N/A
M00941,B027,892.5,Ironbark,Mixed Salvage,Assorted recovered timber,Unknown,Fair,Complete,Yes,No,Premium,Premium,Higher-value Recovery,Pending Processing,N/A
M00942,B027,3234.0,Unknown / Mixed,Structural Member,Wall stud,Surface Coating Recorded,Fair,Complete,Yes,No,Feedstock,Feedstock,Board Feedstock,Pending Processing,N/A
M00943,B027,394.1,Mountain Ash,Cladding,Cladding panel,No Treatment Recorded,Good,Critical Information Missing,Yes,No,Feedstock,Feedstock,Board Feedstock,Pending Processing,N/A
M00944,B027,269.3,Spotted Gum,Board,Sawn board,Unknown,Fair,Partial,Yes,No,Premium,Premium,Higher-value Recovery,Pending Processing,N/A
M00945,B027,1804.8,Cypress Pine,Beam,Floor joist,Adhesive / Composite Concern,Poor,Critical Information Missing,Yes,No,Character,Character,Higher-value Recovery,Pending Processing,N/A
M00946,B027,230.6,Cypress Pine,Beam,Racking beam,Adhesive / Composite Concern,Good,Partial,Yes,No,Feedstock,Feedstock,Board Feedstock,Pending Processing,N/A
M00947,B027,1872.5,Unknown / Mixed,Structural Member,Truss member,Surface Coating Recorded,Severely Degraded,Complete,Yes,No,Feedstock,Unresolved,Unresolved,Unresolved,N/A
M00948,B027,2479.9,Unknown / Mixed,Other,Joinery offcut,Unknown,Poor,Partial,Yes,No,Feedstock,Feedstock,Board Feedstock,Pending Processing,N/A
M00949,B027,246.7,Mountain Ash,Structural Member,Wall stud,Unknown,Good,Partial,Yes,No,Character,Character,Higher-value Recovery,Pending Processing,N/A
M00950,B027,134.2,Unknown / Mixed,Post,Structural post,Known Treatment Recorded,Fair,Critical Information Missing,Yes,No,Character,Character,Higher-value Recovery,Pending Processing,N/A
M00951,B027,375.9,Ironbark,Beam,Roof beam,Known Treatment Recorded,Severely Degraded,Critical Information Missing,Yes,No,Rustic,Unresolved,Unresolved,Unresolved,N/A
M00952,B027,308.0,Spotted Gum,Structural Member,Roof rafter,Unknown,Poor,Critical Information Missing,Yes,No,Rustic,Unresolved,Unresolved,Unresolved,N/A
M00953,B027,858.4,Radiata Pine,Board,Dunnage,Unknown,Good,Critical Information Missing,Yes,No,Rustic,Rustic,Board Feedstock,Pending Processing,N/A
M00954,B027,2666.3,Spotted Gum,Beam,Portal frame member,Unknown,Poor,Partial,Yes,No,Feedstock,Feedstock,Board Feedstock,Pending Processing,N/A
M00955,B027,168.3,Ironbark,Board,Sawn board,No Treatment Recorded,Severely Degraded,Critical Information Missing,Yes,No,Rustic,Rustic,Residual / Disposal,Pending Processing,N/A
M00956,B027,1947.0,Unknown / Mixed,Structural Member,Truss member,Conflicting Record,Good,Critical Information Missing,Yes,No,Rustic,Unresolved,Unresolved,Unresolved,N/A
M00957,B027,3102.3,Blackbutt,Beam,Portal frame member,No Treatment Recorded,Poor,Critical Information Missing,Yes,Yes,Rustic,Rustic,Special Handling,Pending Processing,N/A
M00958,B027,339.0,Ironbark,Structural Member,Purlin,Adhesive / Composite Concern,Fair,Critical Information Missing,Yes,Yes,Feedstock,Feedstock,Special Handling,Pending Processing,N/A
M00959,B027,162.6,Unknown / Mixed,Mixed Salvage,Mixed salvage lot,Conflicting Record,Severely Degraded,Critical Information Missing,Yes,No,Feedstock,Feedstock,Residual / Disposal,Pending Processing,N/A
M00960,B027,234.3,Unknown / Mixed,Structural Member,Wall stud,Known Treatment Recorded,Poor,Partial,Yes,No,Rustic,Unresolved,Unresolved,Unresolved,N/A
M00961,B027,192.3,Mixed Hardwood,Structural Member,Roof rafter,No Treatment Recorded,Fair,Partial,Yes,No,Feedstock,Unresolved,Unresolved,Unresolved,N/A
M00962,B027,711.9,Unknown / Mixed,Cladding,Weatherboard,Unknown,Poor,Complete,Yes,No,Feedstock,Feedstock,Board Feedstock,Pending Processing,N/A
M00963,B027,186.1,Radiata Pine,Beam,Portal frame member,Adhesive / Composite Concern,Fair,Partial,Yes,Yes,Feedstock,Feedstock,Special Handling,Pending Processing,N/A
M00964,B028,102.6,Cypress Pine,Structural Member,Wall stud,No Treatment Recorded,Good,Complete,No,No,Feedstock,Feedstock,Board Feedstock,Output,2025-10-22T16:39:00
M00965,B028,195.8,Oregon,Board,Sawn board,Conflicting Record,Poor,Partial,No,No,Feedstock,Feedstock,Board Feedstock,Output,2025-10-22T16:39:00
M00966,B028,1190.2,Unknown / Mixed,Other,Joinery offcut,Unknown,Fair,Partial,No,No,Feedstock,Rustic,Board Feedstock,Output,2025-10-22T16:39:00
M00967,B028,2440.2,Oregon,Structural Member,Truss member,Surface Coating Recorded,Fair,Partial,No,No,Rustic,Rustic,Board Feedstock,Output,2025-10-22T16:39:00
M00968,B028,283.0,Radiata Pine,Cladding,Fascia board,Known Treatment Recorded,Fair,Critical Information Missing,No,No,Feedstock,Feedstock,Board Feedstock,Output,2025-10-22T16:39:00
M00969,B028,344.9,Spotted Gum,Board,Formwork board,No Treatment Recorded,Poor,Complete,No,No,Feedstock,Feedstock,Board Feedstock,Output,2025-10-22T16:39:00
M00970,B028,808.8,Oregon,Board,Sawn board,Known Treatment Recorded,Good,Partial,No,No,Feedstock,Feedstock,Board Feedstock,Output,2025-10-22T16:39:00
M00971,B028,2473.0,Oregon,Structural Member,Roof rafter,Unknown,Good,Complete,No,No,Rustic,Rustic,Board Feedstock,Output,2025-10-22T16:39:00
M00972,B028,1024.8,Oregon,Cladding,Fascia board,Known Treatment Recorded,Fair,Partial,Yes,No,Feedstock,Feedstock,Board Feedstock,Output,2025-10-22T16:39:00
M00973,B028,125.3,Unknown / Mixed,Board,Formwork board,Surface Coating Recorded,Poor,Partial,No,No,Feedstock,Feedstock,Board Feedstock,Output,2025-10-22T16:39:00
M00974,B028,550.0,Mountain Ash,Cladding,Cladding panel,No Treatment Recorded,Good,Critical Information Missing,No,No,Rustic,Rustic,Board Feedstock,Output,2025-10-22T16:39:00
M00975,B028,261.3,Oregon,Post,Structural post,Conflicting Record,Fair,Critical Information Missing,No,No,Feedstock,Feedstock,Board Feedstock,Output,2025-10-22T16:39:00
M00976,B028,3091.0,Unknown / Mixed,Flooring,Flooring strip,Conflicting Record,Fair,Partial,No,No,Feedstock,Feedstock,Board Feedstock,Output,2025-10-22T16:39:00
M00977,B028,367.0,Oregon,Board,Formwork board,Conflicting Record,Fair,Partial,No,No,Rustic,Rustic,Board Feedstock,Output,2025-10-22T16:39:00
M00978,B028,3674.6,Oregon,Cladding,Fascia board,Unknown,Fair,Partial,Yes,No,Feedstock,Character,Higher-value Recovery,Output,2025-10-22T16:39:00
M00979,B028,96.3,Ironbark,Board,Formwork board,Unknown,Fair,Critical Information Missing,Yes,No,Feedstock,Feedstock,Board Feedstock,Output,2025-10-22T16:39:00
M00980,B028,174.4,Cypress Pine,Board,Fence palings,Conflicting Record,Good,Complete,No,No,Feedstock,Rustic,Board Feedstock,Output,2025-10-22T16:39:00
M00981,B028,330.2,Blackbutt,Board,Sawn board,Surface Coating Recorded,Fair,Partial,No,No,Character,Character,Higher-value Recovery,Output,2025-10-22T16:39:00
M00982,B028,91.5,Radiata Pine,Flooring,Floor board,Known Treatment Recorded,Good,Critical Information Missing,No,No,Feedstock,Feedstock,Board Feedstock,Output,2025-10-22T16:39:00
M00983,B028,489.8,Radiata Pine,Post,Verandah post,Unknown,Poor,Partial,No,No,Feedstock,Feedstock,Board Feedstock,Output,2025-10-22T16:39:00
M00984,B028,3261.1,Mixed Hardwood,Board,Dunnage,No Treatment Recorded,Poor,Critical Information Missing,Yes,No,Rustic,Rustic,Board Feedstock,Output,2025-10-22T16:39:00
M00985,B028,1019.8,Unknown / Mixed,Flooring,Floor board,Conflicting Record,Fair,Critical Information Missing,No,No,Feedstock,Feedstock,Board Feedstock,Output,2025-10-22T16:39:00
M00986,B028,232.4,Oregon,Flooring,Floor board,No Treatment Recorded,Poor,Critical Information Missing,Yes,No,Feedstock,Character,Higher-value Recovery,Output,2025-10-22T16:39:00
M00987,B028,1219.8,Radiata Pine,Cladding,Fascia board,Unknown,Severely Degraded,Critical Information Missing,No,No,Feedstock,Feedstock,Residual / Disposal,Output,2025-10-22T16:39:00
M00988,B028,504.9,Oregon,Post,Verandah post,Adhesive / Composite Concern,Poor,Partial,No,No,Feedstock,Feedstock,Board Feedstock,Output,2025-10-22T16:39:00
M00989,B028,517.3,Unknown / Mixed,Flooring,Decking board,Adhesive / Composite Concern,Fair,Partial,No,No,Feedstock,Feedstock,Board Feedstock,Output,2025-10-22T16:39:00
M00990,B028,293.6,Spotted Gum,Flooring,Floor board,No Treatment Recorded,Fair,Critical Information Missing,Yes,No,Rustic,Rustic,Board Feedstock,Output,2025-10-22T16:39:00
M00991,B028,3153.0,Spotted Gum,Board,Sawn board,Known Treatment Recorded,Poor,Complete,No,No,Feedstock,Feedstock,Board Feedstock,Output,2025-10-22T16:39:00
M00992,B028,363.5,Unknown / Mixed,Mixed Salvage,Assorted recovered timber,No Treatment Recorded,Poor,Partial,No,No,Feedstock,Feedstock,Board Feedstock,Output,2025-10-22T16:39:00
M00993,B028,345.5,Radiata Pine,Board,Formwork board,Surface Coating Recorded,Fair,Complete,No,No,Character,Character,Higher-value Recovery,Output,2025-10-22T16:39:00
M00994,B028,282.8,Spotted Gum,Board,Fence palings,Conflicting Record,Good,Partial,Yes,No,Rustic,Rustic,Board Feedstock,Output,2025-10-22T16:39:00
M00995,B028,71.1,Unknown / Mixed,Structural Member,Purlin,No Treatment Recorded,Poor,Partial,Yes,No,Feedstock,Feedstock,Board Feedstock,Output,2025-10-22T16:39:00
M00996,B028,113.5,Spotted Gum,Flooring,Decking board,Unknown,Good,Complete,No,No,Feedstock,Feedstock,Board Feedstock,Output,2025-10-22T16:39:00
M00997,B028,2564.7,Unknown / Mixed,Post,Fence post,No Treatment Recorded,Fair,Critical Information Missing,No,No,Feedstock,Feedstock,Board Feedstock,Output,2025-10-22T16:39:00
M00998,B028,920.8,Cypress Pine,Board,Dunnage,Surface Coating Recorded,Fair,Complete,No,No,Feedstock,Feedstock,Board Feedstock,Output,2025-10-22T16:39:00
M00999,B028,2374.7,Mixed Hardwood,Structural Member,Roof rafter,Unknown,Fair,Complete,No,No,Character,Character,Higher-value Recovery,Output,2025-10-22T16:39:00
M01000,B028,355.5,Unknown / Mixed,Board,Formwork board,No Treatment Recorded,Fair,Complete,No,No,Feedstock,Feedstock,Board Feedstock,Output,2025-10-22T16:39:00
M01001,B028,4015.0,Oregon,Structural Member,Roof rafter,Known Treatment Recorded,Poor,Partial,No,No,Feedstock,Feedstock,Board Feedstock,Output,2025-10-22T16:39:00
M01002,B028,341.7,Messmate,Other,Shelving,Surface Coating Recorded,Poor,Partial,Yes,No,Rustic,Rustic,Board Feedstock,Output,2025-10-22T16:39:00
M01003,B028,265.8,Blackbutt,Board,Formwork board,Unknown,Fair,Partial,No,No,Premium,Premium,Higher-value Recovery,Output,2025-10-22T16:39:00
M01004,B028,2994.4,Blackbutt,Flooring,Decking board,Unknown,Fair,Complete,No,No,Feedstock,Feedstock,Board Feedstock,Output,2025-10-22T16:39:00
M01005,B028,193.2,Radiata Pine,Board,Dunnage,Conflicting Record,Fair,Critical Information Missing,No,No,Feedstock,Feedstock,Board Feedstock,Output,2025-10-22T16:39:00
M01006,B028,268.7,Unknown / Mixed,Cladding,Weatherboard,Known Treatment Recorded,Good,Critical Information Missing,No,No,Feedstock,Feedstock,Board Feedstock,Output,2025-10-22T16:39:00
M01007,B028,212.5,Radiata Pine,Flooring,Floor board,Unknown,Poor,Partial,No,No,Rustic,Rustic,Board Feedstock,Output,2025-10-22T16:39:00
M01008,B029,912.2,Cypress Pine,Flooring,Flooring strip,Known Treatment Recorded,Good,Complete,No,No,Character,Character,Higher-value Recovery,Output,2025-10-26T17:46:00
M01009,B029,1282.7,Ironbark,Post,Fence post,No Treatment Recorded,Fair,Critical Information Missing,No,No,Character,Character,Higher-value Recovery,Output,2025-10-26T17:46:00
M01010,B029,483.8,Mountain Ash,Beam,Racking beam,Adhesive / Composite Concern,Good,Complete,No,No,Character,Character,Higher-value Recovery,Output,2025-10-26T17:46:00
M01011,B029,131.0,Sydney Blue Gum,Beam,Portal frame member,Known Treatment Recorded,Good,Complete,No,No,Character,Character,Higher-value Recovery,Output,2025-10-26T17:46:00
M01012,B029,63.9,Ironbark,Board,Sawn board,No Treatment Recorded,Good,Complete,No,No,Rustic,Rustic,Board Feedstock,Output,2025-10-26T17:46:00
M01013,B029,1630.4,Ironbark,Cladding,Fascia board,Unknown,Good,Complete,Yes,No,Rustic,Rustic,Board Feedstock,Output,2025-10-26T17:46:00
M01014,B029,2292.2,Sydney Blue Gum,Structural Member,Truss member,Known Treatment Recorded,Fair,Partial,No,No,Premium,Premium,Higher-value Recovery,Output,2025-10-26T17:46:00
M01015,B029,1857.1,Blackbutt,Post,Fence post,No Treatment Recorded,Good,Partial,No,Yes,Premium,Feedstock,Special Handling,Output,2025-10-26T17:46:00
M01016,B029,49.9,Mixed Hardwood,Post,Verandah post,No Treatment Recorded,Good,Critical Information Missing,No,No,Character,Character,Higher-value Recovery,Output,2025-10-26T17:46:00
M01017,B029,171.7,Ironbark,Board,Fence palings,No Treatment Recorded,Good,Partial,No,No,Premium,Premium,Higher-value Recovery,Output,2025-10-26T17:46:00
M01018,B029,169.3,Oregon,Board,Fence palings,No Treatment Recorded,Good,Partial,No,No,Feedstock,Feedstock,Board Feedstock,Output,2025-10-26T17:46:00
M01019,B029,785.5,Oregon,Structural Member,Roof rafter,No Treatment Recorded,Good,Complete,No,No,Feedstock,Feedstock,Board Feedstock,Output,2025-10-26T17:46:00
M01020,B029,1890.4,Radiata Pine,Structural Member,Truss member,Known Treatment Recorded,Good,Complete,No,No,Rustic,Rustic,Board Feedstock,Output,2025-10-26T17:46:00
M01021,B029,516.7,Cypress Pine,Flooring,Floor board,Conflicting Record,Good,Complete,Yes,No,Premium,Premium,Higher-value Recovery,Output,2025-10-26T17:46:00
M01022,B029,665.3,Oregon,Beam,Floor joist,Adhesive / Composite Concern,Good,Partial,No,No,Premium,Premium,Higher-value Recovery,Output,2025-10-26T17:46:00
M01023,B029,2332.7,Radiata Pine,Board,Dunnage,No Treatment Recorded,Poor,Complete,No,No,Feedstock,Feedstock,Board Feedstock,Output,2025-10-26T17:46:00
M01024,B029,80.2,Unknown / Mixed,Flooring,Floor board,No Treatment Recorded,Poor,Complete,No,No,Rustic,Rustic,Board Feedstock,Output,2025-10-26T17:46:00
M01025,B029,147.5,Ironbark,Structural Member,Purlin,Known Treatment Recorded,Good,Partial,No,No,Premium,Premium,Higher-value Recovery,Output,2025-10-26T17:46:00
M01026,B029,662.6,Mixed Hardwood,Flooring,Flooring strip,Known Treatment Recorded,Fair,Critical Information Missing,No,No,Character,Character,Higher-value Recovery,Output,2025-10-26T17:46:00
M01027,B029,2051.3,Unknown / Mixed,Beam,Floor joist,Known Treatment Recorded,Poor,Complete,No,No,Character,Character,Higher-value Recovery,Output,2025-10-26T17:46:00
M01028,B029,198.1,Cypress Pine,Beam,Roof beam,Known Treatment Recorded,Good,Partial,No,No,Character,Character,Higher-value Recovery,Output,2025-10-26T17:46:00
M01029,B029,50.2,Sydney Blue Gum,Beam,Racking beam,Unknown,Fair,Critical Information Missing,Yes,No,Premium,Premium,Higher-value Recovery,Output,2025-10-26T17:46:00
M01030,B029,2229.8,Oregon,Beam,Roof beam,Adhesive / Composite Concern,Severely Degraded,Partial,No,Yes,Premium,Feedstock,Special Handling,Output,2025-10-26T17:46:00
M01031,B029,1200.2,Mixed Hardwood,Post,Fence post,Unknown,Good,Critical Information Missing,Yes,No,Character,Character,Higher-value Recovery,Output,2025-10-26T17:46:00
M01032,B029,868.4,Mountain Ash,Beam,Roof beam,Known Treatment Recorded,Good,Partial,No,No,Character,Character,Higher-value Recovery,Output,2025-10-26T17:46:00
M01033,B029,59.7,Unknown / Mixed,Cladding,Fascia board,Known Treatment Recorded,Fair,Complete,No,No,Feedstock,Feedstock,Board Feedstock,Output,2025-10-26T17:46:00
M01034,B029,2017.2,Radiata Pine,Post,Verandah post,Known Treatment Recorded,Fair,Complete,No,No,Character,Character,Higher-value Recovery,Output,2025-10-26T17:46:00
M01035,B030,3419.5,Unknown / Mixed,Structural Member,Purlin,No Treatment Recorded,Fair,Partial,Yes,No,Feedstock,Feedstock,Board Feedstock,Pending Processing,N/A
M01036,B030,2409.7,Unknown / Mixed,Cladding,Weatherboard,No Treatment Recorded,Severely Degraded,Complete,Yes,No,Feedstock,Feedstock,Residual / Disposal,Pending Processing,N/A
M01037,B030,3132.0,Radiata Pine,Board,Dunnage,Surface Coating Recorded,Severely Degraded,Partial,Yes,No,Rustic,Rustic,Residual / Disposal,Pending Processing,N/A
M01038,B030,118.7,Mixed Hardwood,Board,Formwork board,Unknown,Severely Degraded,Critical Information Missing,Yes,No,Feedstock,Feedstock,Residual / Disposal,Pending Processing,N/A
M01039,B030,739.1,Unknown / Mixed,Post,Verandah post,Unknown,Severely Degraded,Partial,Yes,No,Character,Character,Higher-value Recovery,Pending Processing,N/A
M01040,B030,816.8,Unknown / Mixed,Other,Miscellaneous timber,Conflicting Record,Good,Complete,Yes,No,Feedstock,Feedstock,Board Feedstock,Pending Processing,N/A
M01041,B030,2029.4,Unknown / Mixed,Board,Formwork board,Unknown,Fair,Partial,Yes,No,Feedstock,Unresolved,Unresolved,Unresolved,N/A
M01042,B030,743.1,Unknown / Mixed,Cladding,Cladding panel,Unknown,Fair,Partial,Yes,No,Character,Unresolved,Unresolved,Unresolved,N/A
M01043,B030,330.7,Spotted Gum,Board,Formwork board,No Treatment Recorded,Poor,Complete,Yes,Yes,Rustic,Rustic,Special Handling,Pending Processing,N/A
M01044,B030,1510.2,Oregon,Mixed Salvage,Assorted recovered timber,Conflicting Record,Fair,Partial,Yes,No,Feedstock,Unresolved,Unresolved,Unresolved,N/A
M01045,B030,216.2,Unknown / Mixed,Structural Member,Purlin,Unknown,Severely Degraded,Critical Information Missing,Yes,Yes,Feedstock,Unresolved,Unresolved,Unresolved,N/A
M01046,B030,105.7,Cypress Pine,Structural Member,Wall stud,Adhesive / Composite Concern,Poor,Partial,Yes,Yes,Feedstock,Feedstock,Special Handling,Pending Processing,N/A
M01047,B030,1807.3,Sydney Blue Gum,Structural Member,Truss member,Known Treatment Recorded,Fair,Partial,Yes,No,Premium,Premium,Higher-value Recovery,Pending Processing,N/A
M01048,B030,403.6,Messmate,Beam,Floor joist,Surface Coating Recorded,Good,Critical Information Missing,Yes,No,Rustic,Rustic,Board Feedstock,Pending Processing,N/A
M01049,B030,549.8,Radiata Pine,Board,Formwork board,Surface Coating Recorded,Fair,Partial,Yes,No,Feedstock,Feedstock,Board Feedstock,Pending Processing,N/A
M01050,B030,3007.6,Radiata Pine,Post,Structural post,Unknown,Poor,Partial,Yes,No,Rustic,Unresolved,Unresolved,Unresolved,N/A
M01051,B030,295.7,Radiata Pine,Beam,Roof beam,No Treatment Recorded,Severely Degraded,Critical Information Missing,Yes,No,Feedstock,Feedstock,Residual / Disposal,Pending Processing,N/A
M01052,B030,327.7,Cypress Pine,Board,Sawn board,Unknown,Severely Degraded,Critical Information Missing,Yes,No,Rustic,Rustic,Residual / Disposal,Pending Processing,N/A
M01053,B030,368.3,Unknown / Mixed,Mixed Salvage,Mixed salvage lot,Conflicting Record,Poor,Partial,Yes,No,Feedstock,Feedstock,Board Feedstock,Pending Processing,N/A
M01054,B030,507.4,Unknown / Mixed,Board,Fence palings,Unknown,Good,Critical Information Missing,Yes,No,Premium,Premium,Higher-value Recovery,Pending Processing,N/A
M01055,B030,1912.7,Unknown / Mixed,Structural Member,Truss member,No Treatment Recorded,Poor,Complete,Yes,No,Feedstock,Feedstock,Board Feedstock,Pending Processing,N/A
M01056,B030,2928.4,Oregon,Structural Member,Purlin,Conflicting Record,Poor,Complete,Yes,No,Rustic,Rustic,Board Feedstock,Pending Processing,N/A
M01057,B030,1665.5,Unknown / Mixed,Flooring,Decking board,No Treatment Recorded,Severely Degraded,Critical Information Missing,Yes,No,Rustic,Rustic,Residual / Disposal,Pending Processing,N/A
M01058,B030,254.2,Unknown / Mixed,Beam,Floor joist,Conflicting Record,Fair,Complete,Yes,No,Feedstock,Feedstock,Board Feedstock,Pending Processing,N/A
M01059,B030,1418.5,Blackbutt,Structural Member,Purlin,Surface Coating Recorded,Poor,Critical Information Missing,Yes,No,Rustic,Rustic,Board Feedstock,Pending Processing,N/A
M01060,B030,612.9,Oregon,Beam,Portal frame member,Unknown,Good,Critical Information Missing,Yes,No,Premium,Premium,Higher-value Recovery,Pending Processing,N/A
M01061,B030,81.9,Mixed Hardwood,Structural Member,Purlin,Conflicting Record,Fair,Partial,Yes,No,Feedstock,Feedstock,Board Feedstock,Pending Processing,N/A
M01062,B030,447.9,Unknown / Mixed,Mixed Salvage,Mixed salvage lot,Surface Coating Recorded,Poor,Partial,Yes,No,Rustic,Rustic,Board Feedstock,Pending Processing,N/A
M01063,B030,199.9,Unknown / Mixed,Post,Fence post,Known Treatment Recorded,Good,Complete,Yes,No,Feedstock,Feedstock,Board Feedstock,Pending Processing,N/A
M01064,B030,358.3,Cypress Pine,Post,Fence post,Unknown,Good,Critical Information Missing,Yes,No,Feedstock,Feedstock,Board Feedstock,Pending Processing,N/A
M01065,B030,1722.1,Blackbutt,Board,Formwork board,Unknown,Poor,Complete,Yes,No,Premium,Premium,Higher-value Recovery,Pending Processing,N/A
M01066,B030,303.5,Cypress Pine,Board,Dunnage,Unknown,Poor,Partial,Yes,No,Feedstock,Feedstock,Board Feedstock,Pending Processing,N/A
M01067,B030,2252.0,Unknown / Mixed,Structural Member,Roof rafter,Known Treatment Recorded,Fair,Partial,Yes,No,Feedstock,Unresolved,Unresolved,Unresolved,N/A
M01068,B030,303.7,Mountain Ash,Structural Member,Truss member,No Treatment Recorded,Good,Critical Information Missing,Yes,No,Rustic,Rustic,Board Feedstock,Pending Processing,N/A
M01069,B031,287.1,Sydney Blue Gum,Cladding,Weatherboard,No Treatment Recorded,Good,Complete,No,No,Feedstock,Feedstock,Board Feedstock,In Progress,N/A
M01070,B031,2913.5,Messmate,Cladding,Fascia board,No Treatment Recorded,Good,Partial,No,No,Character,Character,Higher-value Recovery,In Progress,N/A
M01071,B031,722.6,Cypress Pine,Post,Structural post,No Treatment Recorded,Fair,Partial,Yes,No,Character,Character,Higher-value Recovery,Output,2025-11-21T19:25:00
M01072,B031,1419.3,Radiata Pine,Beam,Roof beam,Adhesive / Composite Concern,Poor,Critical Information Missing,No,No,Rustic,Rustic,Board Feedstock,In Progress,N/A
M01073,B031,874.2,Radiata Pine,Mixed Salvage,Assorted recovered timber,Unknown,Poor,Critical Information Missing,Yes,No,Feedstock,Feedstock,Board Feedstock,Output,2025-11-21T19:25:00
M01074,B031,174.1,Cypress Pine,Mixed Salvage,Assorted recovered timber,Surface Coating Recorded,Fair,Complete,No,No,Feedstock,Feedstock,Board Feedstock,In Progress,N/A
M01075,B031,228.9,Cypress Pine,Structural Member,Purlin,Unknown,Good,Partial,Yes,No,Feedstock,Feedstock,Board Feedstock,In Progress,N/A
M01076,B031,264.2,Spotted Gum,Flooring,Floor board,Known Treatment Recorded,Fair,Critical Information Missing,No,No,Rustic,Rustic,Board Feedstock,In Progress,N/A
M01077,B031,1898.7,Oregon,Beam,Floor joist,Surface Coating Recorded,Poor,Complete,No,No,Rustic,Rustic,Board Feedstock,In Progress,N/A
M01078,B031,273.0,Mountain Ash,Beam,Roof beam,No Treatment Recorded,Fair,Partial,No,No,Feedstock,Feedstock,Board Feedstock,Output,2025-11-21T19:25:00
M01079,B031,1760.7,Messmate,Board,Dunnage,No Treatment Recorded,Good,Complete,No,No,Feedstock,Feedstock,Board Feedstock,Output,2025-11-21T19:25:00
M01080,B031,802.1,Cypress Pine,Board,Sawn board,Adhesive / Composite Concern,Fair,Complete,No,No,Rustic,Rustic,Board Feedstock,In Progress,N/A
M01081,B031,386.8,Cypress Pine,Structural Member,Purlin,No Treatment Recorded,Good,Complete,No,No,Character,Character,Higher-value Recovery,In Progress,N/A
M01082,B031,373.9,Cypress Pine,Mixed Salvage,Assorted recovered timber,No Treatment Recorded,Poor,Complete,Yes,No,Rustic,Rustic,Board Feedstock,In Progress,N/A
M01083,B031,2587.0,Ironbark,Board,Fence palings,Known Treatment Recorded,Fair,Critical Information Missing,Yes,No,Rustic,Rustic,Board Feedstock,In Progress,N/A
M01084,B031,439.3,Mountain Ash,Post,Verandah post,No Treatment Recorded,Fair,Critical Information Missing,No,No,Feedstock,Feedstock,Board Feedstock,In Progress,N/A
M01085,B031,2297.5,Messmate,Board,Formwork board,Known Treatment Recorded,Fair,Complete,No,No,Premium,Premium,Higher-value Recovery,In Progress,N/A
M01086,B031,395.4,Radiata Pine,Beam,Floor joist,Known Treatment Recorded,Fair,Complete,No,No,Feedstock,Feedstock,Board Feedstock,In Progress,N/A
M01087,B031,2583.5,Spotted Gum,Mixed Salvage,Assorted recovered timber,No Treatment Recorded,Poor,Partial,No,No,Feedstock,Feedstock,Board Feedstock,In Progress,N/A
M01088,B031,319.6,Mountain Ash,Other,Miscellaneous timber,No Treatment Recorded,Fair,Partial,No,No,Feedstock,Feedstock,Board Feedstock,In Progress,N/A
M01089,B031,91.4,Radiata Pine,Flooring,Flooring strip,No Treatment Recorded,Poor,Complete,No,No,Feedstock,Feedstock,Board Feedstock,In Progress,N/A
M01090,B031,316.6,Cypress Pine,Post,Fence post,Surface Coating Recorded,Good,Partial,No,No,Character,Character,Higher-value Recovery,In Progress,N/A
M01091,B031,189.5,Unknown / Mixed,Beam,Portal frame member,Adhesive / Composite Concern,Fair,Partial,No,No,Character,Character,Higher-value Recovery,In Progress,N/A
M01092,B031,322.6,Ironbark,Post,Verandah post,No Treatment Recorded,Good,Complete,No,No,Feedstock,Feedstock,Board Feedstock,In Progress,N/A
M01093,B031,637.6,Messmate,Mixed Salvage,Mixed salvage lot,No Treatment Recorded,Fair,Complete,Yes,No,Rustic,Rustic,Board Feedstock,In Progress,N/A
M01094,B031,1713.7,Mixed Hardwood,Structural Member,Roof rafter,Adhesive / Composite Concern,Poor,Partial,No,No,Character,Character,Higher-value Recovery,In Progress,N/A
M01095,B031,203.4,Blackbutt,Beam,Floor joist,No Treatment Recorded,Fair,Critical Information Missing,No,No,Feedstock,Feedstock,Board Feedstock,Output,2025-11-21T19:25:00
M01096,B031,186.1,Unknown / Mixed,Beam,Floor joist,Surface Coating Recorded,Poor,Partial,No,No,Feedstock,Feedstock,Board Feedstock,In Progress,N/A
M01097,B031,148.2,Oregon,Board,Formwork board,Known Treatment Recorded,Fair,Complete,No,No,Feedstock,Feedstock,Board Feedstock,In Progress,N/A
M01098,B031,240.3,Oregon,Cladding,Weatherboard,Surface Coating Recorded,Good,Partial,No,No,Character,Character,Higher-value Recovery,Output,2025-11-21T19:25:00
M01099,B031,592.2,Radiata Pine,Flooring,Floor board,Surface Coating Recorded,Fair,Complete,No,No,Rustic,Rustic,Board Feedstock,In Progress,N/A
M01100,B031,3022.2,Cypress Pine,Structural Member,Wall stud,No Treatment Recorded,Good,Critical Information Missing,No,No,Feedstock,Feedstock,Board Feedstock,Output,2025-11-21T19:25:00
M01101,B031,1377.4,Cypress Pine,Mixed Salvage,Mixed salvage lot,Adhesive / Composite Concern,Fair,Complete,No,No,Feedstock,Feedstock,Board Feedstock,In Progress,N/A
M01102,B031,2021.6,Mixed Hardwood,Board,Dunnage,No Treatment Recorded,Poor,Complete,No,No,Premium,Premium,Higher-value Recovery,Output,2025-11-21T19:25:00
M01103,B031,184.2,Mixed Hardwood,Cladding,Cladding panel,No Treatment Recorded,Fair,Complete,No,No,Feedstock,Feedstock,Board Feedstock,In Progress,N/A
M01104,B031,1668.9,Oregon,Structural Member,Wall stud,Unknown,Severely Degraded,Partial,No,No,Feedstock,Feedstock,Residual / Disposal,In Progress,N/A
M01105,B031,72.4,Spotted Gum,Cladding,Cladding panel,Known Treatment Recorded,Poor,Complete,No,No,Rustic,Rustic,Board Feedstock,In Progress,N/A
M01106,B031,3310.3,Unknown / Mixed,Structural Member,Roof rafter,No Treatment Recorded,Good,Partial,No,No,Rustic,Rustic,Board Feedstock,Output,2025-11-21T19:25:00
M01107,B032,144.5,Oregon,Board,Sawn board,Adhesive / Composite Concern,Poor,Complete,No,No,Character,Character,Higher-value Recovery,In Progress,N/A
M01108,B032,313.2,Mountain Ash,Flooring,Decking board,No Treatment Recorded,Good,Complete,No,No,Character,Character,Higher-value Recovery,In Progress,N/A
M01109,B032,917.6,Ironbark,Board,Dunnage,Known Treatment Recorded,Fair,Complete,Yes,No,Character,Character,Higher-value Recovery,In Progress,N/A
M01110,B032,1332.0,Oregon,Board,Sawn board,Surface Coating Recorded,Poor,Critical Information Missing,Yes,No,Rustic,Rustic,Board Feedstock,In Progress,N/A
M01111,B032,650.2,Unknown / Mixed,Beam,Floor joist,No Treatment Recorded,Good,Complete,No,No,Feedstock,Feedstock,Board Feedstock,In Progress,N/A
M01112,B032,65.5,Mountain Ash,Cladding,Fascia board,Unknown,Good,Partial,Yes,No,Rustic,Rustic,Board Feedstock,In Progress,N/A
M01113,B032,1105.2,Sydney Blue Gum,Board,Sawn board,Known Treatment Recorded,Good,Complete,No,No,Premium,Premium,Higher-value Recovery,In Progress,N/A
M01114,B032,1863.0,Blackbutt,Board,Dunnage,Known Treatment Recorded,Fair,Partial,No,No,Premium,Premium,Higher-value Recovery,In Progress,N/A
M01115,B032,619.9,Unknown / Mixed,Board,Fence palings,No Treatment Recorded,Good,Complete,No,No,Premium,Premium,Higher-value Recovery,In Progress,N/A
M01116,B032,337.1,Sydney Blue Gum,Board,Fence palings,Known Treatment Recorded,Fair,Complete,No,No,Character,Character,Higher-value Recovery,Output,2025-11-29T15:20:00
M01117,B032,1011.6,Spotted Gum,Beam,Floor joist,Surface Coating Recorded,Good,Critical Information Missing,Yes,No,Character,Character,Higher-value Recovery,Output,2025-11-29T15:20:00
M01118,B032,319.9,Spotted Gum,Beam,Portal frame member,No Treatment Recorded,Fair,Complete,No,No,Rustic,Rustic,Board Feedstock,In Progress,N/A
M01119,B032,758.5,Ironbark,Structural Member,Truss member,Adhesive / Composite Concern,Good,Complete,No,No,Feedstock,Feedstock,Board Feedstock,Output,2025-11-29T15:20:00
M01120,B032,715.4,Cypress Pine,Other,Joinery offcut,No Treatment Recorded,Good,Complete,Yes,No,Character,Character,Higher-value Recovery,In Progress,N/A
M01121,B032,2601.3,Mountain Ash,Structural Member,Purlin,Known Treatment Recorded,Good,Complete,No,Yes,Character,Feedstock,Special Handling,Output,2025-11-29T15:20:00
M01122,B032,2428.3,Sydney Blue Gum,Flooring,Decking board,Surface Coating Recorded,Good,Complete,No,No,Rustic,Rustic,Board Feedstock,Output,2025-11-29T15:20:00
M01123,B032,719.0,Mountain Ash,Cladding,Fascia board,Surface Coating Recorded,Good,Complete,No,No,Character,Character,Higher-value Recovery,Output,2025-11-29T15:20:00
M01124,B032,2554.1,Cypress Pine,Cladding,Fascia board,No Treatment Recorded,Good,Complete,No,No,Premium,Premium,Higher-value Recovery,In Progress,N/A
M01125,B032,2540.3,Radiata Pine,Cladding,Fascia board,No Treatment Recorded,Good,Complete,No,No,Rustic,Rustic,Board Feedstock,In Progress,N/A
M01126,B032,335.2,Sydney Blue Gum,Flooring,Floor board,No Treatment Recorded,Fair,Complete,No,No,Character,Character,Higher-value Recovery,In Progress,N/A
M01127,B032,106.9,Radiata Pine,Cladding,Fascia board,No Treatment Recorded,Good,Complete,Yes,No,Character,Character,Higher-value Recovery,In Progress,N/A
M01128,B032,478.6,Ironbark,Mixed Salvage,Assorted recovered timber,No Treatment Recorded,Good,Complete,No,No,Rustic,Rustic,Board Feedstock,In Progress,N/A
M01129,B032,55.7,Blackbutt,Beam,Roof beam,Adhesive / Composite Concern,Good,Complete,No,No,Premium,Premium,Higher-value Recovery,In Progress,N/A
M01130,B032,671.9,Radiata Pine,Beam,Racking beam,No Treatment Recorded,Fair,Complete,No,No,Feedstock,Feedstock,Board Feedstock,In Progress,N/A
M01131,B032,426.4,Unknown / Mixed,Post,Verandah post,Known Treatment Recorded,Good,Complete,No,No,Rustic,Rustic,Board Feedstock,In Progress,N/A
M01132,B032,2145.2,Unknown / Mixed,Cladding,Fascia board,No Treatment Recorded,Good,Complete,No,No,Character,Character,Higher-value Recovery,In Progress,N/A
M01133,B032,121.9,Mixed Hardwood,Structural Member,Truss member,No Treatment Recorded,Poor,Complete,No,No,Character,Character,Higher-value Recovery,Output,2025-11-29T15:20:00
M01134,B032,2443.2,Mixed Hardwood,Mixed Salvage,Assorted recovered timber,Known Treatment Recorded,Good,Complete,No,No,Feedstock,Feedstock,Board Feedstock,In Progress,N/A
M01135,B032,1303.9,Blackbutt,Structural Member,Wall stud,No Treatment Recorded,Good,Complete,No,No,Character,Character,Higher-value Recovery,Output,2025-11-29T15:20:00
M01136,B032,2514.5,Cypress Pine,Board,Formwork board,Known Treatment Recorded,Good,Complete,No,No,Character,Character,Higher-value Recovery,In Progress,N/A
M01137,B033,1294.2,Radiata Pine,Flooring,Floor board,Conflicting Record,Fair,Critical Information Missing,Yes,No,Feedstock,Feedstock,Board Feedstock,Pending Processing,N/A
M01138,B033,1986.3,Radiata Pine,Board,Fence palings,Known Treatment Recorded,Fair,Partial,Yes,No,Character,Character,Higher-value Recovery,Pending Processing,N/A
M01139,B033,345.6,Spotted Gum,Structural Member,Truss member,Known Treatment Recorded,Poor,Partial,Yes,No,Feedstock,Feedstock,Board Feedstock,Pending Processing,N/A
M01140,B033,264.5,Cypress Pine,Post,Structural post,Unknown,Fair,Complete,Yes,No,Character,Character,Higher-value Recovery,Pending Processing,N/A
M01141,B033,973.6,Cypress Pine,Structural Member,Purlin,Known Treatment Recorded,Fair,Partial,Yes,No,Character,Unresolved,Unresolved,Unresolved,N/A
M01142,B033,370.1,Unknown / Mixed,Flooring,Decking board,Known Treatment Recorded,Fair,Critical Information Missing,Yes,No,Character,Character,Higher-value Recovery,Pending Processing,N/A
M01143,B033,1149.1,Oregon,Board,Formwork board,Unknown,Fair,Partial,Yes,No,Rustic,Rustic,Board Feedstock,Pending Processing,N/A
M01144,B033,97.5,Sydney Blue Gum,Structural Member,Truss member,Unknown,Fair,Complete,Yes,No,Feedstock,Feedstock,Board Feedstock,Pending Processing,N/A
M01145,B033,187.4,Cypress Pine,Board,Dunnage,No Treatment Recorded,Poor,Partial,Yes,No,Feedstock,Feedstock,Board Feedstock,Pending Processing,N/A
M01146,B033,331.8,Unknown / Mixed,Board,Formwork board,Unknown,Severely Degraded,Critical Information Missing,Yes,No,Feedstock,Unresolved,Unresolved,Unresolved,N/A
M01147,B033,2571.3,Oregon,Board,Dunnage,Known Treatment Recorded,Poor,Partial,Yes,No,Rustic,Rustic,Board Feedstock,Pending Processing,N/A
M01148,B033,1734.4,Unknown / Mixed,Structural Member,Purlin,Conflicting Record,Fair,Partial,Yes,No,Character,Unresolved,Unresolved,Unresolved,N/A
M01149,B033,2248.7,Unknown / Mixed,Structural Member,Truss member,Known Treatment Recorded,Good,Partial,Yes,No,Rustic,Rustic,Board Feedstock,Pending Processing,N/A
M01150,B033,178.7,Spotted Gum,Structural Member,Wall stud,Unknown,Poor,Partial,Yes,No,Character,Character,Higher-value Recovery,Pending Processing,N/A
M01151,B033,608.8,Mountain Ash,Other,Shelving,No Treatment Recorded,Fair,Partial,Yes,No,Feedstock,Unresolved,Unresolved,Unresolved,N/A
M01152,B033,459.4,Unknown / Mixed,Cladding,Weatherboard,Unknown,Poor,Complete,Yes,No,Character,Character,Higher-value Recovery,Pending Processing,N/A
M01153,B033,509.9,Unknown / Mixed,Board,Sawn board,Conflicting Record,Severely Degraded,Critical Information Missing,Yes,No,Feedstock,Feedstock,Residual / Disposal,Pending Processing,N/A
M01154,B033,1268.6,Ironbark,Beam,Floor joist,Unknown,Fair,Critical Information Missing,Yes,No,Rustic,Rustic,Board Feedstock,Pending Processing,N/A
M01155,B033,264.5,Radiata Pine,Post,Verandah post,Conflicting Record,Severely Degraded,Partial,Yes,No,Character,Unresolved,Unresolved,Unresolved,N/A
M01156,B033,1200.4,Cypress Pine,Board,Fence palings,Unknown,Poor,Critical Information Missing,Yes,No,Character,Unresolved,Unresolved,Unresolved,N/A
M01157,B033,3441.3,Blackbutt,Structural Member,Wall stud,Unknown,Fair,Partial,Yes,No,Feedstock,Unresolved,Unresolved,Unresolved,N/A
M01158,B033,4145.8,Cypress Pine,Flooring,Floor board,Surface Coating Recorded,Poor,Complete,Yes,No,Character,Character,Higher-value Recovery,Pending Processing,N/A
M01159,B033,153.1,Cypress Pine,Flooring,Decking board,Unknown,Fair,Complete,Yes,No,Character,Unresolved,Unresolved,Unresolved,N/A
M01160,B033,476.5,Cypress Pine,Post,Verandah post,Unknown,Poor,Partial,Yes,No,Feedstock,Feedstock,Board Feedstock,Pending Processing,N/A
M01161,B033,336.6,Radiata Pine,Post,Fence post,Unknown,Fair,Complete,Yes,No,Feedstock,Unresolved,Unresolved,Unresolved,N/A
M01162,B033,776.2,Unknown / Mixed,Post,Structural post,No Treatment Recorded,Poor,Partial,Yes,No,Rustic,Rustic,Board Feedstock,Pending Processing,N/A
M01163,B033,363.6,Messmate,Board,Dunnage,Conflicting Record,Severely Degraded,Partial,Yes,No,Feedstock,Feedstock,Residual / Disposal,Pending Processing,N/A
M01164,B033,592.9,Ironbark,Beam,Racking beam,Conflicting Record,Severely Degraded,Critical Information Missing,Yes,No,Feedstock,Feedstock,Residual / Disposal,Pending Processing,N/A
M01165,B033,3544.9,Unknown / Mixed,Cladding,Cladding panel,No Treatment Recorded,Fair,Complete,Yes,No,Premium,Premium,Higher-value Recovery,Pending Processing,N/A
M01166,B033,501.0,Messmate,Post,Structural post,Adhesive / Composite Concern,Fair,Partial,Yes,Yes,Premium,Premium,Special Handling,Pending Processing,N/A
M01167,B033,423.3,Cypress Pine,Structural Member,Truss member,No Treatment Recorded,Poor,Partial,Yes,No,Feedstock,Feedstock,Board Feedstock,Pending Processing,N/A
M01168,B034,110.4,Blackbutt,Mixed Salvage,Mixed salvage lot,No Treatment Recorded,Good,Complete,Yes,Yes,Feedstock,Unresolved,Unresolved,Unresolved,N/A
M01169,B034,2164.5,Radiata Pine,Board,Sawn board,No Treatment Recorded,Severely Degraded,Complete,No,Yes,Feedstock,Feedstock,Special Handling,In Progress,N/A
M01170,B034,1795.0,Messmate,Post,Fence post,Adhesive / Composite Concern,Poor,Partial,Yes,Yes,Character,Character,Special Handling,In Progress,N/A
M01171,B034,269.1,Spotted Gum,Mixed Salvage,Assorted recovered timber,No Treatment Recorded,Poor,Complete,Yes,No,Character,Character,Higher-value Recovery,In Progress,N/A
M01172,B034,64.8,Cypress Pine,Board,Formwork board,Known Treatment Recorded,Poor,Complete,No,No,Feedstock,Feedstock,Board Feedstock,Output,2025-12-20T14:27:00
M01173,B034,771.2,Mixed Hardwood,Other,Shelving,Conflicting Record,Good,Partial,No,Yes,Character,Feedstock,Special Handling,Output,2025-12-20T14:27:00
M01174,B034,1225.4,Ironbark,Mixed Salvage,Mixed salvage lot,Unknown,Fair,Complete,No,Yes,Premium,Premium,Special Handling,In Progress,N/A
M01175,B034,1813.8,Mixed Hardwood,Beam,Portal frame member,Known Treatment Recorded,Fair,Complete,No,No,Character,Character,Higher-value Recovery,In Progress,N/A
M01176,B034,275.3,Unknown / Mixed,Beam,Floor joist,No Treatment Recorded,Severely Degraded,Critical Information Missing,Yes,No,Feedstock,Feedstock,Residual / Disposal,In Progress,N/A
M01177,B034,921.7,Radiata Pine,Flooring,Flooring strip,Adhesive / Composite Concern,Poor,Critical Information Missing,Yes,No,Feedstock,Feedstock,Board Feedstock,In Progress,N/A
M01178,B034,2071.7,Unknown / Mixed,Board,Fence palings,Surface Coating Recorded,Good,Critical Information Missing,No,No,Feedstock,Feedstock,Board Feedstock,In Progress,N/A
M01179,B034,310.7,Cypress Pine,Mixed Salvage,Mixed salvage lot,Unknown,Severely Degraded,Critical Information Missing,No,No,Rustic,Feedstock,Residual / Disposal,Output,2025-12-20T14:27:00
M01180,B034,206.9,Oregon,Structural Member,Roof rafter,Conflicting Record,Poor,Critical Information Missing,No,Yes,Feedstock,Feedstock,Special Handling,In Progress,N/A
M01181,B034,2048.8,Unknown / Mixed,Post,Structural post,No Treatment Recorded,Good,Complete,No,No,Feedstock,Rustic,Board Feedstock,Output,2025-12-20T14:27:00
M01182,B034,496.9,Sydney Blue Gum,Mixed Salvage,Assorted recovered timber,Adhesive / Composite Concern,Good,Complete,No,No,Rustic,Rustic,Board Feedstock,In Progress,N/A
M01183,B034,716.4,Mixed Hardwood,Mixed Salvage,Assorted recovered timber,No Treatment Recorded,Fair,Complete,No,Yes,Premium,Feedstock,Special Handling,Output,2025-12-20T14:27:00
M01184,B034,292.9,Radiata Pine,Beam,Portal frame member,Conflicting Record,Fair,Partial,Yes,Yes,Character,Character,Special Handling,In Progress,N/A
M01185,B034,1528.8,Oregon,Beam,Roof beam,Unknown,Severely Degraded,Partial,No,No,Rustic,Rustic,Residual / Disposal,In Progress,N/A
M01186,B034,2538.0,Mixed Hardwood,Structural Member,Truss member,Conflicting Record,Fair,Critical Information Missing,No,No,Character,Character,Higher-value Recovery,In Progress,N/A
M01187,B034,281.9,Unknown / Mixed,Structural Member,Wall stud,Conflicting Record,Severely Degraded,Complete,Yes,No,Character,Character,Higher-value Recovery,In Progress,N/A
M01188,B034,172.2,Messmate,Beam,Roof beam,No Treatment Recorded,Fair,Partial,Yes,Yes,Character,Unresolved,Unresolved,Unresolved,N/A
M01189,B034,970.7,Radiata Pine,Structural Member,Purlin,Known Treatment Recorded,Poor,Critical Information Missing,No,Yes,Feedstock,Feedstock,Special Handling,In Progress,N/A
M01190,B034,2437.7,Mixed Hardwood,Board,Formwork board,No Treatment Recorded,Fair,Critical Information Missing,Yes,No,Rustic,Rustic,Board Feedstock,In Progress,N/A
M01191,B034,1195.3,Messmate,Cladding,Cladding panel,Known Treatment Recorded,Fair,Partial,Yes,No,Character,Character,Higher-value Recovery,In Progress,N/A
M01192,B034,234.5,Unknown / Mixed,Beam,Roof beam,Conflicting Record,Good,Critical Information Missing,No,No,Feedstock,Feedstock,Board Feedstock,In Progress,N/A
M01193,B034,299.5,Mountain Ash,Beam,Racking beam,Known Treatment Recorded,Fair,Partial,No,No,Feedstock,Feedstock,Board Feedstock,In Progress,N/A
M01194,B034,650.5,Spotted Gum,Post,Structural post,No Treatment Recorded,Fair,Complete,No,No,Premium,Premium,Higher-value Recovery,In Progress,N/A
M01195,B034,1235.4,Unknown / Mixed,Mixed Salvage,Mixed salvage lot,Adhesive / Composite Concern,Poor,Complete,No,Yes,Character,Character,Special Handling,In Progress,N/A
M01196,B035,2489.8,Cypress Pine,Structural Member,Truss member,Unknown,Fair,Critical Information Missing,No,No,Feedstock,Feedstock,Board Feedstock,In Progress,N/A
M01197,B035,622.0,Cypress Pine,Board,Fence palings,Unknown,Fair,Complete,Yes,No,Feedstock,Feedstock,Board Feedstock,In Progress,N/A
M01198,B035,1795.4,Radiata Pine,Beam,Portal frame member,No Treatment Recorded,Fair,Partial,No,No,Feedstock,Feedstock,Board Feedstock,Output,2025-12-24T18:18:00
M01199,B035,304.5,Radiata Pine,Board,Dunnage,Known Treatment Recorded,Fair,Critical Information Missing,No,No,Feedstock,Feedstock,Board Feedstock,Output,2025-12-24T18:18:00
M01200,B035,114.5,Unknown / Mixed,Mixed Salvage,Assorted recovered timber,Surface Coating Recorded,Poor,Critical Information Missing,Yes,No,Feedstock,Unresolved,Unresolved,Unresolved,N/A
M01201,B035,244.9,Unknown / Mixed,Flooring,Decking board,Known Treatment Recorded,Fair,Critical Information Missing,No,No,Rustic,Rustic,Board Feedstock,In Progress,N/A
M01202,B035,263.6,Radiata Pine,Structural Member,Purlin,Known Treatment Recorded,Good,Partial,No,Yes,Feedstock,Feedstock,Special Handling,In Progress,N/A
M01203,B035,3867.4,Oregon,Beam,Roof beam,Unknown,Fair,Complete,No,No,Rustic,Rustic,Board Feedstock,In Progress,N/A
M01204,B035,1381.5,Ironbark,Other,Miscellaneous timber,Unknown,Good,Complete,No,Yes,Feedstock,Feedstock,Special Handling,In Progress,N/A
M01205,B035,586.9,Oregon,Flooring,Flooring strip,No Treatment Recorded,Good,Partial,No,No,Rustic,Rustic,Board Feedstock,In Progress,N/A
M01206,B035,3172.1,Mixed Hardwood,Board,Sawn board,No Treatment Recorded,Fair,Complete,No,No,Rustic,Rustic,Board Feedstock,In Progress,N/A
M01207,B035,180.2,Unknown / Mixed,Other,Joinery offcut,Surface Coating Recorded,Fair,Partial,No,No,Rustic,Rustic,Board Feedstock,In Progress,N/A
M01208,B035,120.3,Blackbutt,Flooring,Flooring strip,Surface Coating Recorded,Fair,Critical Information Missing,No,No,Premium,Premium,Higher-value Recovery,In Progress,N/A
M01209,B035,1434.2,Radiata Pine,Post,Verandah post,Adhesive / Composite Concern,Good,Partial,No,No,Feedstock,Feedstock,Board Feedstock,In Progress,N/A
M01210,B035,335.7,Radiata Pine,Board,Formwork board,Known Treatment Recorded,Fair,Critical Information Missing,Yes,No,Feedstock,Unresolved,Unresolved,Unresolved,N/A
M01211,B035,1718.4,Unknown / Mixed,Cladding,Cladding panel,No Treatment Recorded,Fair,Partial,No,No,Feedstock,Feedstock,Board Feedstock,In Progress,N/A
M01212,B035,1136.8,Oregon,Board,Dunnage,No Treatment Recorded,Poor,Complete,No,No,Feedstock,Feedstock,Board Feedstock,In Progress,N/A
M01213,B035,941.0,Ironbark,Mixed Salvage,Assorted recovered timber,No Treatment Recorded,Fair,Partial,No,No,Feedstock,Feedstock,Board Feedstock,In Progress,N/A
M01214,B035,390.9,Unknown / Mixed,Mixed Salvage,Mixed salvage lot,Known Treatment Recorded,Poor,Complete,No,No,Character,Character,Higher-value Recovery,In Progress,N/A
M01215,B035,293.3,Radiata Pine,Board,Formwork board,Unknown,Poor,Critical Information Missing,Yes,No,Feedstock,Feedstock,Board Feedstock,Output,2025-12-24T18:18:00
M01216,B035,316.5,Sydney Blue Gum,Beam,Racking beam,Conflicting Record,Good,Complete,No,No,Feedstock,Feedstock,Board Feedstock,In Progress,N/A
M01217,B035,325.6,Unknown / Mixed,Mixed Salvage,Assorted recovered timber,No Treatment Recorded,Fair,Complete,No,No,Feedstock,Feedstock,Board Feedstock,Output,2025-12-24T18:18:00
M01218,B035,203.6,Cypress Pine,Mixed Salvage,Mixed salvage lot,Adhesive / Composite Concern,Fair,Partial,No,Yes,Feedstock,Feedstock,Special Handling,In Progress,N/A
M01219,B035,966.6,Oregon,Board,Fence palings,No Treatment Recorded,Poor,Partial,No,No,Feedstock,Feedstock,Board Feedstock,In Progress,N/A
M01220,B035,1815.6,Mountain Ash,Flooring,Floor board,No Treatment Recorded,Poor,Critical Information Missing,Yes,No,Feedstock,Feedstock,Board Feedstock,In Progress,N/A
M01221,B035,1764.5,Blackbutt,Board,Formwork board,Unknown,Poor,Partial,No,No,Rustic,Rustic,Board Feedstock,Output,2025-12-24T18:18:00
M01222,B035,1787.8,Oregon,Flooring,Floor board,No Treatment Recorded,Severely Degraded,Partial,No,No,Feedstock,Feedstock,Residual / Disposal,In Progress,N/A
M01223,B035,290.3,Radiata Pine,Flooring,Flooring strip,Surface Coating Recorded,Poor,Partial,No,No,Feedstock,Feedstock,Board Feedstock,In Progress,N/A
M01224,B035,1958.6,Radiata Pine,Beam,Roof beam,Unknown,Fair,Critical Information Missing,No,No,Rustic,Rustic,Board Feedstock,Output,2025-12-24T18:18:00
M01225,B035,867.2,Radiata Pine,Structural Member,Purlin,Adhesive / Composite Concern,Poor,Critical Information Missing,Yes,Yes,Feedstock,Feedstock,Special Handling,In Progress,N/A
M01226,B035,1717.3,Cypress Pine,Board,Formwork board,No Treatment Recorded,Poor,Complete,No,No,Rustic,Rustic,Board Feedstock,In Progress,N/A
M01227,B035,493.0,Spotted Gum,Structural Member,Wall stud,Unknown,Poor,Critical Information Missing,No,No,Feedstock,Feedstock,Board Feedstock,In Progress,N/A
M01228,B036,1687.9,Oregon,Structural Member,Truss member,No Treatment Recorded,Poor,Complete,No,No,Character,Character,Higher-value Recovery,Pending Processing,N/A
M01229,B036,1677.4,Radiata Pine,Structural Member,Purlin,Unknown,Severely Degraded,Partial,Yes,Yes,Feedstock,Feedstock,Special Handling,Pending Processing,N/A
M01230,B036,2792.6,Spotted Gum,Post,Structural post,No Treatment Recorded,Poor,Complete,Yes,No,Rustic,Rustic,Board Feedstock,Pending Processing,N/A
M01231,B036,2572.9,Cypress Pine,Board,Dunnage,Known Treatment Recorded,Good,Complete,No,No,Rustic,Rustic,Board Feedstock,Pending Processing,N/A
M01232,B036,1950.6,Radiata Pine,Structural Member,Wall stud,Unknown,Fair,Complete,No,No,Feedstock,Feedstock,Board Feedstock,Pending Processing,N/A
M01233,B036,303.7,Radiata Pine,Structural Member,Truss member,No Treatment Recorded,Good,Critical Information Missing,No,No,Feedstock,Feedstock,Board Feedstock,Pending Processing,N/A
M01234,B036,288.9,Radiata Pine,Structural Member,Purlin,No Treatment Recorded,Poor,Complete,No,No,Feedstock,Feedstock,Board Feedstock,Pending Processing,N/A
M01235,B036,128.3,Oregon,Structural Member,Truss member,Surface Coating Recorded,Fair,Critical Information Missing,No,No,Rustic,Rustic,Board Feedstock,Pending Processing,N/A
M01236,B036,642.5,Unknown / Mixed,Mixed Salvage,Assorted recovered timber,Surface Coating Recorded,Fair,Critical Information Missing,No,Yes,Rustic,Rustic,Special Handling,Pending Processing,N/A
M01237,B036,2048.8,Oregon,Structural Member,Roof rafter,No Treatment Recorded,Fair,Complete,No,No,Feedstock,Feedstock,Board Feedstock,Pending Processing,N/A
M01238,B036,88.6,Blackbutt,Structural Member,Roof rafter,Unknown,Fair,Critical Information Missing,No,No,Character,Character,Higher-value Recovery,Pending Processing,N/A
M01239,B036,682.5,Cypress Pine,Beam,Portal frame member,Adhesive / Composite Concern,Poor,Complete,No,No,Rustic,Rustic,Board Feedstock,Pending Processing,N/A
M01240,B036,334.5,Messmate,Structural Member,Truss member,Surface Coating Recorded,Good,Complete,No,No,Feedstock,Feedstock,Board Feedstock,Pending Processing,N/A
M01241,B036,651.2,Unknown / Mixed,Cladding,Cladding panel,No Treatment Recorded,Fair,Complete,No,No,Rustic,Rustic,Board Feedstock,Pending Processing,N/A
M01242,B036,254.9,Unknown / Mixed,Flooring,Decking board,Known Treatment Recorded,Poor,Critical Information Missing,No,No,Feedstock,Feedstock,Board Feedstock,Pending Processing,N/A
M01243,B036,1121.8,Mixed Hardwood,Board,Dunnage,No Treatment Recorded,Poor,Complete,Yes,No,Premium,Premium,Higher-value Recovery,Pending Processing,N/A
M01244,B036,1718.0,Oregon,Post,Verandah post,Known Treatment Recorded,Good,Partial,Yes,No,Rustic,Rustic,Board Feedstock,Pending Processing,N/A
M01245,B036,120.1,Messmate,Structural Member,Truss member,No Treatment Recorded,Good,Complete,Yes,No,Character,Character,Higher-value Recovery,Pending Processing,N/A
M01246,B036,646.6,Mixed Hardwood,Board,Sawn board,Known Treatment Recorded,Good,Complete,No,No,Feedstock,Feedstock,Board Feedstock,Pending Processing,N/A
M01247,B036,296.4,Spotted Gum,Board,Fence palings,Known Treatment Recorded,Poor,Critical Information Missing,No,No,Feedstock,Feedstock,Board Feedstock,Pending Processing,N/A
M01248,B036,631.2,Sydney Blue Gum,Beam,Portal frame member,Known Treatment Recorded,Fair,Partial,No,No,Feedstock,Feedstock,Board Feedstock,Pending Processing,N/A
M01249,B036,1092.5,Sydney Blue Gum,Other,Miscellaneous timber,No Treatment Recorded,Fair,Complete,No,No,Feedstock,Feedstock,Board Feedstock,Pending Processing,N/A
M01250,B036,337.7,Mountain Ash,Post,Structural post,Surface Coating Recorded,Fair,Partial,Yes,No,Feedstock,Feedstock,Board Feedstock,Pending Processing,N/A
M01251,B036,182.7,Cypress Pine,Beam,Floor joist,Conflicting Record,Good,Complete,No,No,Premium,Premium,Higher-value Recovery,Pending Processing,N/A
M01252,B036,347.7,Unknown / Mixed,Beam,Floor joist,Known Treatment Recorded,Good,Complete,Yes,No,Feedstock,Unresolved,Unresolved,Unresolved,N/A
